time,.header.seq,.header.stamp.secs,.header.stamp.nsecs,.header.frame_id,.status.status,.status.service,.latitude,.longitude,.altitude,.position_covariance,.position_covariance_type
2023/12/25/17:05:27.099763,159715,1703495127,96994019,/gps,0,0,24.8828237033,121.155999412,352.549987793,"(0.00012996000438272957, 0.0, 0.0, 0.0, 9.604000227808954e-05, 0.0, 0.0, 0.0, 0.00013225000051409006)",2
2023/12/25/17:05:27.149422,159716,1703495127,146999086,/gps,0,0,24.8828236933,121.155999408,352.549987793,"(0.00012996000438272957, 0.0, 0.0, 0.0, 9.604000227808954e-05, 0.0, 0.0, 0.0, 0.00013225000051409006)",2
2023/12/25/17:05:27.199574,159717,1703495127,197584467,/gps,0,0,24.882823685,121.155999413,352.549987793,"(0.00012996000438272957, 0.0, 0.0, 0.0, 9.604000227808954e-05, 0.0, 0.0, 0.0, 0.00013225000051409006)",2
2023/12/25/17:05:27.249157,159718,1703495127,246958612,/gps,0,0,24.8828236783,121.15599942,352.549987793,"(0.00012996000438272957, 0.0, 0.0, 0.0, 9.604000227808954e-05, 0.0, 0.0, 0.0, 0.00013225000051409006)",2
2023/12/25/17:05:27.299424,159719,1703495127,297133776,/gps,0,0,24.8828236667,121.15599942,352.549987793,"(0.00012996000438272957, 0.0, 0.0, 0.0, 9.604000227808954e-05, 0.0, 0.0, 0.0, 0.00013225000051409006)",2
2023/12/25/17:05:27.448987,159720,1703495127,446997827,/gps,0,0,24.8828236367,121.155999435,352.549987793,"(0.00012996000438272957, 0.0, 0.0, 0.0, 9.604000227808954e-05, 0.0, 0.0, 0.0, 0.00013225000051409006)",2
2023/12/25/17:05:27.499682,159721,1703495127,497718364,/gps,0,0,24.882823625,121.155999438,352.549987793,"(0.00012996000438272957, 0.0, 0.0, 0.0, 9.604000227808954e-05, 0.0, 0.0, 0.0, 0.00013225000051409006)",2
2023/12/25/17:05:27.549059,159722,1703495127,547545674,/gps,0,0,24.8828236117,121.155999442,352.549987793,"(0.00012996000438272957, 0.0, 0.0, 0.0, 9.604000227808954e-05, 0.0, 0.0, 0.0, 0.00013225000051409006)",2
2023/12/25/17:05:27.598994,159723,1703495127,597100690,/gps,0,0,24.8828235983,121.155999448,352.549987793,"(0.00012996000438272957, 0.0, 0.0, 0.0, 9.604000227808954e-05, 0.0, 0.0, 0.0, 0.00013225000051409006)",2
2023/12/25/17:05:27.649962,159724,1703495127,647018814,/gps,0,0,24.8828235833,121.155999457,352.549987793,"(0.00012996000438272957, 0.0, 0.0, 0.0, 9.604000227808954e-05, 0.0, 0.0, 0.0, 0.00013225000051409006)",2
2023/12/25/17:05:27.699275,159725,1703495127,696938746,/gps,0,0,24.88282356,121.155999465,352.540008545,"(0.00012996000438272957, 0.0, 0.0, 0.0, 9.604000227808954e-05, 0.0, 0.0, 0.0, 0.00013225000051409006)",2
2023/12/25/17:05:27.749248,159726,1703495127,747141079,/gps,0,0,24.88282353,121.155999475,352.540008545,"(0.00012996000438272957, 0.0, 0.0, 0.0, 9.604000227808954e-05, 0.0, 0.0, 0.0, 0.00013225000051409006)",2
2023/12/25/17:05:27.799188,159727,1703495127,798078766,/gps,0,0,24.8828234917,121.155999492,352.540008545,"(0.00012996000438272957, 0.0, 0.0, 0.0, 9.604000227808954e-05, 0.0, 0.0, 0.0, 0.00013225000051409006)",2
2023/12/25/17:05:27.849206,159728,1703495127,846822086,/gps,0,0,24.882823445,121.155999512,352.540008545,"(0.00012996000438272957, 0.0, 0.0, 0.0, 9.604000227808954e-05, 0.0, 0.0, 0.0, 0.00013225000051409006)",2
2023/12/25/17:05:27.899084,159729,1703495127,897214539,/gps,0,0,24.882823385,121.155999535,352.540008545,"(0.00012996000438272957, 0.0, 0.0, 0.0, 9.604000227808954e-05, 0.0, 0.0, 0.0, 0.00013225000051409006)",2
2023/12/25/17:05:27.954043,159730,1703495127,946994921,/gps,0,0,24.8828233133,121.155999565,352.540008545,"(0.00012996000438272957, 0.0, 0.0, 0.0, 9.604000227808954e-05, 0.0, 0.0, 0.0, 0.00013225000051409006)",2
2023/12/25/17:05:28.012033,159731,1703495128,618956,/gps,0,0,24.88282323,121.1559996,352.540008545,"(0.00012996000438272957, 0.0, 0.0, 0.0, 9.604000227808954e-05, 0.0, 0.0, 0.0, 0.00013225000051409006)",2
2023/12/25/17:05:28.049120,159732,1703495128,46867534,/gps,0,0,24.8828231317,121.155999643,352.540008545,"(0.00012996000438272957, 0.0, 0.0, 0.0, 9.604000227808954e-05, 0.0, 0.0, 0.0, 0.00012996000438272957)",2
2023/12/25/17:05:28.099285,159733,1703495128,97295055,/gps,0,0,24.8828230183,121.15599969,352.540008545,"(0.00012996000438272957, 0.0, 0.0, 0.0, 9.604000227808954e-05, 0.0, 0.0, 0.0, 0.00012996000438272957)",2
2023/12/25/17:05:28.149053,159734,1703495128,147668045,/gps,0,0,24.8828228917,121.155999743,352.540008545,"(0.00012996000438272957, 0.0, 0.0, 0.0, 9.604000227808954e-05, 0.0, 0.0, 0.0, 0.00012996000438272957)",2
2023/12/25/17:05:28.199287,159735,1703495128,197533805,/gps,0,0,24.88282275,121.155999803,352.540008545,"(0.00012996000438272957, 0.0, 0.0, 0.0, 9.604000227808954e-05, 0.0, 0.0, 0.0, 0.00012996000438272957)",2
2023/12/25/17:05:28.249526,159736,1703495128,247343187,/gps,0,0,24.8828225967,121.155999868,352.540008545,"(0.00012996000438272957, 0.0, 0.0, 0.0, 9.604000227808954e-05, 0.0, 0.0, 0.0, 0.00012996000438272957)",2
2023/12/25/17:05:28.299091,159737,1703495128,297052430,/gps,0,0,24.8828224283,121.155999942,352.540008545,"(0.00012996000438272957, 0.0, 0.0, 0.0, 9.604000227808954e-05, 0.0, 0.0, 0.0, 0.00012996000438272957)",2
2023/12/25/17:05:28.349292,159738,1703495128,347122126,/gps,0,0,24.8828222483,121.156000018,352.540008545,"(0.00012996000438272957, 0.0, 0.0, 0.0, 9.604000227808954e-05, 0.0, 0.0, 0.0, 0.00012996000438272957)",2
2023/12/25/17:05:28.399459,159739,1703495128,397568875,/gps,0,0,24.882822055,121.156000102,352.529998779,"(0.00012996000438272957, 0.0, 0.0, 0.0, 9.604000227808954e-05, 0.0, 0.0, 0.0, 0.00012996000438272957)",2
2023/12/25/17:05:28.449776,159740,1703495128,446954528,/gps,0,0,24.88282185,121.156000187,352.529998779,"(0.00012996000438272957, 0.0, 0.0, 0.0, 9.604000227808954e-05, 0.0, 0.0, 0.0, 0.00012996000438272957)",2
2023/12/25/17:05:28.499607,159741,1703495128,497819738,/gps,0,0,24.8828216317,121.156000275,352.529998779,"(0.00012996000438272957, 0.0, 0.0, 0.0, 9.604000227808954e-05, 0.0, 0.0, 0.0, 0.00012996000438272957)",2
2023/12/25/17:05:28.599804,159742,1703495128,597258856,/gps,0,0,24.8828211683,121.15600046,352.529998779,"(0.00012996000438272957, 0.0, 0.0, 0.0, 9.604000227808954e-05, 0.0, 0.0, 0.0, 0.00012996000438272957)",2
2023/12/25/17:05:28.649113,159743,1703495128,646498443,/gps,0,0,24.8828209183,121.156000558,352.529998779,"(0.00012996000438272957, 0.0, 0.0, 0.0, 9.604000227808954e-05, 0.0, 0.0, 0.0, 0.00012996000438272957)",2
2023/12/25/17:05:28.699486,159744,1703495128,697615984,/gps,0,0,24.8828206583,121.15600066,352.529998779,"(0.00012996000438272957, 0.0, 0.0, 0.0, 9.604000227808954e-05, 0.0, 0.0, 0.0, 0.00012996000438272957)",2
2023/12/25/17:05:28.749252,159745,1703495128,747027150,/gps,0,0,24.88282039,121.15600077,352.529998779,"(0.00012996000438272957, 0.0, 0.0, 0.0, 9.604000227808954e-05, 0.0, 0.0, 0.0, 0.00012996000438272957)",2
2023/12/25/17:05:28.799178,159746,1703495128,797991754,/gps,0,0,24.8828201183,121.156000888,352.519989014,"(0.00012996000438272957, 0.0, 0.0, 0.0, 9.604000227808954e-05, 0.0, 0.0, 0.0, 0.00012996000438272957)",2
2023/12/25/17:05:28.848940,159747,1703495128,847724425,/gps,0,0,24.8828198383,121.156001015,352.519989014,"(0.00012996000438272957, 0.0, 0.0, 0.0, 9.604000227808954e-05, 0.0, 0.0, 0.0, 0.00012996000438272957)",2
2023/12/25/17:05:28.899895,159748,1703495128,897092916,/gps,0,0,24.8828195517,121.15600115,352.519989014,"(0.00012996000438272957, 0.0, 0.0, 0.0, 9.604000227808954e-05, 0.0, 0.0, 0.0, 0.00012996000438272957)",2
2023/12/25/17:05:28.948964,159749,1703495128,946953499,/gps,0,0,24.88281925,121.15600129,352.519989014,"(0.00012996000438272957, 0.0, 0.0, 0.0, 9.604000227808954e-05, 0.0, 0.0, 0.0, 0.00012996000438272957)",2
2023/12/25/17:05:29.012240,159750,1703495129,751356,/gps,0,0,24.8828189417,121.156001432,352.519989014,"(0.00012996000438272957, 0.0, 0.0, 0.0, 9.604000227808954e-05, 0.0, 0.0, 0.0, 0.00012996000438272957)",2
2023/12/25/17:05:29.049131,159751,1703495129,47156462,/gps,0,0,24.8828186267,121.156001575,352.519989014,"(0.00012996000438272957, 0.0, 0.0, 0.0, 9.604000227808954e-05, 0.0, 0.0, 0.0, 0.00013225000051409006)",2
2023/12/25/17:05:29.099173,159752,1703495129,97201997,/gps,0,0,24.8828183033,121.156001718,352.519989014,"(0.00012996000438272957, 0.0, 0.0, 0.0, 9.604000227808954e-05, 0.0, 0.0, 0.0, 0.00013225000051409006)",2
2023/12/25/17:05:29.149157,159753,1703495129,147631431,/gps,0,0,24.882817965,121.156001863,352.519989014,"(0.00012996000438272957, 0.0, 0.0, 0.0, 9.604000227808954e-05, 0.0, 0.0, 0.0, 0.00013225000051409006)",2
2023/12/25/17:05:29.199112,159754,1703495129,197285291,/gps,0,0,24.8828176117,121.156002008,352.519989014,"(0.00012996000438272957, 0.0, 0.0, 0.0, 9.604000227808954e-05, 0.0, 0.0, 0.0, 0.00013225000051409006)",2
2023/12/25/17:05:29.249039,159755,1703495129,246904328,/gps,0,0,24.8828172483,121.156002158,352.510009766,"(0.00012996000438272957, 0.0, 0.0, 0.0, 9.604000227808954e-05, 0.0, 0.0, 0.0, 0.00013225000051409006)",2
2023/12/25/17:05:29.298915,159756,1703495129,297146489,/gps,0,0,24.8828168767,121.156002315,352.510009766,"(0.00012996000438272957, 0.0, 0.0, 0.0, 9.604000227808954e-05, 0.0, 0.0, 0.0, 0.00013225000051409006)",2
2023/12/25/17:05:29.349184,159757,1703495129,346875168,/gps,0,0,24.882816495,121.156002472,352.510009766,"(0.00012996000438272957, 0.0, 0.0, 0.0, 9.604000227808954e-05, 0.0, 0.0, 0.0, 0.00013225000051409006)",2
2023/12/25/17:05:29.399267,159758,1703495129,397997798,/gps,0,0,24.8828161033,121.156002632,352.510009766,"(0.00012996000438272957, 0.0, 0.0, 0.0, 9.604000227808954e-05, 0.0, 0.0, 0.0, 0.00013225000051409006)",2
2023/12/25/17:05:29.449675,159759,1703495129,447749282,/gps,0,0,24.8828156983,121.156002793,352.5,"(0.00012996000438272957, 0.0, 0.0, 0.0, 9.604000227808954e-05, 0.0, 0.0, 0.0, 0.00013225000051409006)",2
2023/12/25/17:05:29.499305,159760,1703495129,497701531,/gps,0,0,24.8828152867,121.156002962,352.5,"(0.00012996000438272957, 0.0, 0.0, 0.0, 9.604000227808954e-05, 0.0, 0.0, 0.0, 0.00013225000051409006)",2
2023/12/25/17:05:29.548898,159761,1703495129,546804714,/gps,0,0,24.882814865,121.156003137,352.5,"(0.00012996000438272957, 0.0, 0.0, 0.0, 9.604000227808954e-05, 0.0, 0.0, 0.0, 0.00013225000051409006)",2
2023/12/25/17:05:29.599534,159762,1703495129,597105273,/gps,0,0,24.882814435,121.156003322,352.5,"(0.00012996000438272957, 0.0, 0.0, 0.0, 9.604000227808954e-05, 0.0, 0.0, 0.0, 0.00013225000051409006)",2
2023/12/25/17:05:29.650596,159763,1703495129,647106490,/gps,0,0,24.8828139967,121.156003508,352.5,"(0.00012996000438272957, 0.0, 0.0, 0.0, 9.604000227808954e-05, 0.0, 0.0, 0.0, 0.00013225000051409006)",2
2023/12/25/17:05:29.699466,159764,1703495129,698099147,/gps,0,0,24.8828135533,121.156003698,352.5,"(0.00012996000438272957, 0.0, 0.0, 0.0, 9.604000227808954e-05, 0.0, 0.0, 0.0, 0.00013225000051409006)",2
2023/12/25/17:05:29.749014,159765,1703495129,746985684,/gps,0,0,24.8828131,121.156003888,352.489990234,"(0.00012996000438272957, 0.0, 0.0, 0.0, 9.604000227808954e-05, 0.0, 0.0, 0.0, 0.00013225000051409006)",2
2023/12/25/17:05:29.799219,159766,1703495129,797618146,/gps,0,0,24.88281263,121.156004082,352.489990234,"(0.00012996000438272957, 0.0, 0.0, 0.0, 9.604000227808954e-05, 0.0, 0.0, 0.0, 0.00013225000051409006)",2
2023/12/25/17:05:29.848992,159767,1703495129,846879170,/gps,0,0,24.882812145,121.156004282,352.489990234,"(0.00012996000438272957, 0.0, 0.0, 0.0, 9.604000227808954e-05, 0.0, 0.0, 0.0, 0.00013225000051409006)",2
2023/12/25/17:05:29.899198,159768,1703495129,897057374,/gps,0,0,24.8828116583,121.15600449,352.489990234,"(0.00012996000438272957, 0.0, 0.0, 0.0, 9.604000227808954e-05, 0.0, 0.0, 0.0, 0.00013225000051409006)",2
2023/12/25/17:05:29.950207,159769,1703495129,947953948,/gps,0,0,24.8828111683,121.156004698,352.489990234,"(0.00012996000438272957, 0.0, 0.0, 0.0, 9.604000227808954e-05, 0.0, 0.0, 0.0, 0.00013225000051409006)",2
2023/12/25/17:05:30.012158,159770,1703495130,1146044,/gps,0,0,24.882810665,121.156004908,352.480010986,"(0.00012996000438272957, 0.0, 0.0, 0.0, 9.604000227808954e-05, 0.0, 0.0, 0.0, 0.00013225000051409006)",2
2023/12/25/17:05:30.049209,159771,1703495130,46917798,/gps,0,0,24.8828101533,121.156005125,352.480010986,"(0.00013225000051409006, 0.0, 0.0, 0.0, 9.999999552965169e-05, 0.0, 0.0, 0.0, 0.00013688999257296334)",2
2023/12/25/17:05:30.099260,159772,1703495130,97011601,/gps,0,0,24.88280963,121.156005337,352.480010986,"(0.00013225000051409006, 0.0, 0.0, 0.0, 9.999999552965169e-05, 0.0, 0.0, 0.0, 0.00013688999257296334)",2
2023/12/25/17:05:30.150286,159773,1703495130,147578808,/gps,0,0,24.882809095,121.156005547,352.470001221,"(0.00013225000051409006, 0.0, 0.0, 0.0, 9.999999552965169e-05, 0.0, 0.0, 0.0, 0.00013688999257296334)",2
2023/12/25/17:05:30.199278,159774,1703495130,197504196,/gps,0,0,24.8828085483,121.156005762,352.470001221,"(0.00013225000051409006, 0.0, 0.0, 0.0, 9.999999552965169e-05, 0.0, 0.0, 0.0, 0.00013688999257296334)",2
2023/12/25/17:05:30.252980,159775,1703495130,247649758,/gps,0,0,24.8828079917,121.15600598,352.470001221,"(0.00013225000051409006, 0.0, 0.0, 0.0, 9.999999552965169e-05, 0.0, 0.0, 0.0, 0.00013688999257296334)",2
2023/12/25/17:05:30.300160,159776,1703495130,297100147,/gps,0,0,24.8828074383,121.156006208,352.470001221,"(0.00013225000051409006, 0.0, 0.0, 0.0, 9.999999552965169e-05, 0.0, 0.0, 0.0, 0.00013688999257296334)",2
2023/12/25/17:05:30.349062,159777,1703495130,346870590,/gps,0,0,24.88280687,121.156006437,352.459991455,"(0.00013225000051409006, 0.0, 0.0, 0.0, 9.999999552965169e-05, 0.0, 0.0, 0.0, 0.00013688999257296334)",2
2023/12/25/17:05:30.399840,159778,1703495130,397666264,/gps,0,0,24.88280629,121.156006675,352.459991455,"(0.00013225000051409006, 0.0, 0.0, 0.0, 9.999999552965169e-05, 0.0, 0.0, 0.0, 0.00013688999257296334)",2
2023/12/25/17:05:30.449002,159779,1703495130,446874249,/gps,0,0,24.8828057017,121.156006925,352.459991455,"(0.00013225000051409006, 0.0, 0.0, 0.0, 9.999999552965169e-05, 0.0, 0.0, 0.0, 0.00013688999257296334)",2
2023/12/25/17:05:30.499385,159780,1703495130,497596923,/gps,0,0,24.8828051117,121.156007188,352.459991455,"(0.00013225000051409006, 0.0, 0.0, 0.0, 9.999999552965169e-05, 0.0, 0.0, 0.0, 0.00013688999257296334)",2
2023/12/25/17:05:30.549830,159781,1703495130,546823501,/gps,0,0,24.8828045117,121.156007458,352.450012207,"(0.00013225000051409006, 0.0, 0.0, 0.0, 9.999999552965169e-05, 0.0, 0.0, 0.0, 0.00013688999257296334)",2
2023/12/25/17:05:30.599803,159782,1703495130,597825688,/gps,0,0,24.8828039,121.156007738,352.450012207,"(0.00013225000051409006, 0.0, 0.0, 0.0, 9.999999552965169e-05, 0.0, 0.0, 0.0, 0.00013688999257296334)",2
2023/12/25/17:05:30.649029,159783,1703495130,646930083,/gps,0,0,24.8828032767,121.156008017,352.450012207,"(0.00013225000051409006, 0.0, 0.0, 0.0, 9.999999552965169e-05, 0.0, 0.0, 0.0, 0.00013688999257296334)",2
2023/12/25/17:05:30.699481,159784,1703495130,696933674,/gps,0,0,24.88280264,121.156008288,352.440002441,"(0.00013225000051409006, 0.0, 0.0, 0.0, 9.999999552965169e-05, 0.0, 0.0, 0.0, 0.00013688999257296334)",2
2023/12/25/17:05:30.749118,159785,1703495130,746919098,/gps,0,0,24.8828019917,121.156008557,352.440002441,"(0.00013225000051409006, 0.0, 0.0, 0.0, 9.999999552965169e-05, 0.0, 0.0, 0.0, 0.00013688999257296334)",2
2023/12/25/17:05:30.799395,159786,1703495130,797565449,/gps,0,0,24.8828013267,121.15600883,352.429992676,"(0.00013225000051409006, 0.0, 0.0, 0.0, 9.999999552965169e-05, 0.0, 0.0, 0.0, 0.00013688999257296334)",2
2023/12/25/17:05:30.848920,159787,1703495130,846869737,/gps,0,0,24.8828006567,121.15600912,352.429992676,"(0.00013225000051409006, 0.0, 0.0, 0.0, 9.999999552965169e-05, 0.0, 0.0, 0.0, 0.00013688999257296334)",2
2023/12/25/17:05:30.899209,159788,1703495130,896989810,/gps,0,0,24.88279998,121.15600941,352.429992676,"(0.00013225000051409006, 0.0, 0.0, 0.0, 9.999999552965169e-05, 0.0, 0.0, 0.0, 0.00013688999257296334)",2
2023/12/25/17:05:30.950002,159789,1703495130,947008685,/gps,0,0,24.8827993,121.156009693,352.429992676,"(0.00013225000051409006, 0.0, 0.0, 0.0, 9.999999552965169e-05, 0.0, 0.0, 0.0, 0.00013688999257296334)",2
2023/12/25/17:05:31.013371,159790,1703495131,11872714,/gps,0,0,24.882798605,121.156009977,352.420013428,"(0.00013225000051409006, 0.0, 0.0, 0.0, 9.999999552965169e-05, 0.0, 0.0, 0.0, 0.00013688999257296334)",2
2023/12/25/17:05:31.049505,159791,1703495131,47804212,/gps,0,0,24.8827978933,121.156010265,352.420013428,"(0.00013924001047968884, 0.0, 0.0, 0.0, 0.00010609000408262018, 0.0, 0.0, 0.0, 0.0001440000025033951)",2
2023/12/25/17:05:31.099145,159792,1703495131,97633367,/gps,0,0,24.8827971717,121.15601056,352.420013428,"(0.00013924001047968884, 0.0, 0.0, 0.0, 0.00010609000408262018, 0.0, 0.0, 0.0, 0.0001440000025033951)",2
2023/12/25/17:05:31.149020,159793,1703495131,147679755,/gps,0,0,24.8827964467,121.156010858,352.410003662,"(0.00013924001047968884, 0.0, 0.0, 0.0, 0.00010609000408262018, 0.0, 0.0, 0.0, 0.0001440000025033951)",2
2023/12/25/17:05:31.199087,159794,1703495131,197100124,/gps,0,0,24.882795715,121.156011158,352.410003662,"(0.00013924001047968884, 0.0, 0.0, 0.0, 0.00010609000408262018, 0.0, 0.0, 0.0, 0.0001440000025033951)",2
2023/12/25/17:05:31.249265,159795,1703495131,247025880,/gps,0,0,24.8827949717,121.15601147,352.410003662,"(0.00013924001047968884, 0.0, 0.0, 0.0, 0.00010609000408262018, 0.0, 0.0, 0.0, 0.0001440000025033951)",2
2023/12/25/17:05:31.300023,159796,1703495131,297506587,/gps,0,0,24.8827942133,121.15601179,352.410003662,"(0.00013924001047968884, 0.0, 0.0, 0.0, 0.00010609000408262018, 0.0, 0.0, 0.0, 0.0001440000025033951)",2
2023/12/25/17:05:31.349130,159797,1703495131,346790062,/gps,0,0,24.8827934467,121.156012118,352.410003662,"(0.00013924001047968884, 0.0, 0.0, 0.0, 0.00010609000408262018, 0.0, 0.0, 0.0, 0.0001440000025033951)",2
2023/12/25/17:05:31.399240,159798,1703495131,397181505,/gps,0,0,24.8827926817,121.156012455,352.410003662,"(0.00013924001047968884, 0.0, 0.0, 0.0, 0.00010609000408262018, 0.0, 0.0, 0.0, 0.0001440000025033951)",2
2023/12/25/17:05:31.449038,159799,1703495131,446884339,/gps,0,0,24.8827919067,121.156012793,352.399993896,"(0.00013924001047968884, 0.0, 0.0, 0.0, 0.00010609000408262018, 0.0, 0.0, 0.0, 0.0001440000025033951)",2
2023/12/25/17:05:31.499335,159800,1703495131,497675427,/gps,0,0,24.882791125,121.156013142,352.399993896,"(0.00013924001047968884, 0.0, 0.0, 0.0, 0.00010609000408262018, 0.0, 0.0, 0.0, 0.0001440000025033951)",2
2023/12/25/17:05:31.550608,159801,1703495131,546939578,/gps,0,0,24.8827903267,121.156013505,352.399993896,"(0.00013924001047968884, 0.0, 0.0, 0.0, 0.00010609000408262018, 0.0, 0.0, 0.0, 0.0001440000025033951)",2
2023/12/25/17:05:31.599062,159802,1703495131,597280017,/gps,0,0,24.88278952,121.156013872,352.399993896,"(0.00013924001047968884, 0.0, 0.0, 0.0, 0.00010609000408262018, 0.0, 0.0, 0.0, 0.0001440000025033951)",2
2023/12/25/17:05:31.699395,159803,1703495131,696972758,/gps,0,0,24.882787875,121.156014585,352.390014648,"(0.00013924001047968884, 0.0, 0.0, 0.0, 0.00010609000408262018, 0.0, 0.0, 0.0, 0.0001440000025033951)",2
2023/12/25/17:05:31.749896,159804,1703495131,747046651,/gps,0,0,24.88278703,121.156014937,352.390014648,"(0.00013924001047968884, 0.0, 0.0, 0.0, 0.00010609000408262018, 0.0, 0.0, 0.0, 0.0001440000025033951)",2
2023/12/25/17:05:31.799972,159805,1703495131,797498929,/gps,0,0,24.8827861683,121.156015288,352.390014648,"(0.00013924001047968884, 0.0, 0.0, 0.0, 0.00010609000408262018, 0.0, 0.0, 0.0, 0.0001440000025033951)",2
2023/12/25/17:05:31.849405,159806,1703495131,846745808,/gps,0,0,24.8827853083,121.15601565,352.380004883,"(0.00013924001047968884, 0.0, 0.0, 0.0, 0.00010609000408262018, 0.0, 0.0, 0.0, 0.0001440000025033951)",2
2023/12/25/17:05:31.899170,159807,1703495131,896991954,/gps,0,0,24.8827844417,121.156016008,352.380004883,"(0.00013924001047968884, 0.0, 0.0, 0.0, 0.00010609000408262018, 0.0, 0.0, 0.0, 0.0001440000025033951)",2
2023/12/25/17:05:31.950103,159808,1703495131,946891074,/gps,0,0,24.8827835733,121.156016375,352.380004883,"(0.00013924001047968884, 0.0, 0.0, 0.0, 0.00010609000408262018, 0.0, 0.0, 0.0, 0.0001440000025033951)",2
2023/12/25/17:05:32.011724,159809,1703495132,673529,/gps,0,0,24.88278269,121.15601675,352.369995117,"(0.00013924001047968884, 0.0, 0.0, 0.0, 0.00010609000408262018, 0.0, 0.0, 0.0, 0.0001440000025033951)",2
2023/12/25/17:05:32.049665,159810,1703495132,47006407,/gps,0,0,24.8827818,121.156017132,352.369995117,"(0.00015128999002933519, 0.0, 0.0, 0.0, 0.00011449000963032266, 0.0, 0.0, 0.0, 0.0001587600004130602)",2
2023/12/25/17:05:32.098923,159811,1703495132,96941269,/gps,0,0,24.8827808983,121.156017508,352.369995117,"(0.00015128999002933519, 0.0, 0.0, 0.0, 0.00011449000963032266, 0.0, 0.0, 0.0, 0.0001587600004130602)",2
2023/12/25/17:05:32.149529,159812,1703495132,148877852,/gps,0,0,24.8827799933,121.156017888,352.359985352,"(0.00015128999002933519, 0.0, 0.0, 0.0, 0.00011449000963032266, 0.0, 0.0, 0.0, 0.0001587600004130602)",2
2023/12/25/17:05:32.199765,159813,1703495132,197746747,/gps,0,0,24.8827790617,121.156018275,352.359985352,"(0.00015128999002933519, 0.0, 0.0, 0.0, 0.00011449000963032266, 0.0, 0.0, 0.0, 0.0001587600004130602)",2
2023/12/25/17:05:32.248947,159814,1703495132,246983568,/gps,0,0,24.8827781283,121.156018678,352.359985352,"(0.00015128999002933519, 0.0, 0.0, 0.0, 0.00011449000963032266, 0.0, 0.0, 0.0, 0.0001587600004130602)",2
2023/12/25/17:05:32.299655,159815,1703495132,297164095,/gps,0,0,24.8827772,121.156019075,352.359985352,"(0.00015128999002933519, 0.0, 0.0, 0.0, 0.00011449000963032266, 0.0, 0.0, 0.0, 0.0001587600004130602)",2
2023/12/25/17:05:32.348966,159816,1703495132,346831834,/gps,0,0,24.8827762583,121.156019472,352.350006104,"(0.00015128999002933519, 0.0, 0.0, 0.0, 0.00011449000963032266, 0.0, 0.0, 0.0, 0.0001587600004130602)",2
2023/12/25/17:05:32.399927,159817,1703495132,397616604,/gps,0,0,24.8827752967,121.15601987,352.350006104,"(0.00015128999002933519, 0.0, 0.0, 0.0, 0.00011449000963032266, 0.0, 0.0, 0.0, 0.0001587600004130602)",2
2023/12/25/17:05:32.448972,159818,1703495132,447631190,/gps,0,0,24.8827743217,121.156020275,352.350006104,"(0.00015128999002933519, 0.0, 0.0, 0.0, 0.00011449000963032266, 0.0, 0.0, 0.0, 0.0001587600004130602)",2
2023/12/25/17:05:32.499709,159819,1703495132,497538941,/gps,0,0,24.8827733483,121.156020672,352.350006104,"(0.00015128999002933519, 0.0, 0.0, 0.0, 0.00011449000963032266, 0.0, 0.0, 0.0, 0.0001587600004130602)",2
2023/12/25/17:05:32.549477,159820,1703495132,547134336,/gps,0,0,24.8827723633,121.156021067,352.339996338,"(0.00015128999002933519, 0.0, 0.0, 0.0, 0.00011449000963032266, 0.0, 0.0, 0.0, 0.0001587600004130602)",2
2023/12/25/17:05:32.599536,159821,1703495132,597568395,/gps,0,0,24.88277136,121.156021468,352.339996338,"(0.00015128999002933519, 0.0, 0.0, 0.0, 0.00011449000963032266, 0.0, 0.0, 0.0, 0.0001587600004130602)",2
2023/12/25/17:05:32.650018,159822,1703495132,647192152,/gps,0,0,24.8827703467,121.15602189,352.339996338,"(0.00015128999002933519, 0.0, 0.0, 0.0, 0.00011449000963032266, 0.0, 0.0, 0.0, 0.0001587600004130602)",2
2023/12/25/17:05:32.699878,159823,1703495132,697985572,/gps,0,0,24.8827693267,121.156022313,352.339996338,"(0.00015128999002933519, 0.0, 0.0, 0.0, 0.00011449000963032266, 0.0, 0.0, 0.0, 0.0001587600004130602)",2
2023/12/25/17:05:32.748738,159824,1703495132,746771640,/gps,0,0,24.8827683017,121.156022737,352.339996338,"(0.00015128999002933519, 0.0, 0.0, 0.0, 0.00011449000963032266, 0.0, 0.0, 0.0, 0.0001587600004130602)",2
2023/12/25/17:05:32.799803,159825,1703495132,797236298,/gps,0,0,24.8827672517,121.15602317,352.329986572,"(0.00015128999002933519, 0.0, 0.0, 0.0, 0.00011449000963032266, 0.0, 0.0, 0.0, 0.0001587600004130602)",2
2023/12/25/17:05:32.849223,159826,1703495132,847557292,/gps,0,0,24.8827662067,121.156023605,352.329986572,"(0.00015128999002933519, 0.0, 0.0, 0.0, 0.00011449000963032266, 0.0, 0.0, 0.0, 0.0001587600004130602)",2
2023/12/25/17:05:32.899293,159827,1703495132,896938436,/gps,0,0,24.8827651533,121.156024033,352.329986572,"(0.00015128999002933519, 0.0, 0.0, 0.0, 0.00011449000963032266, 0.0, 0.0, 0.0, 0.0001587600004130602)",2
2023/12/25/17:05:32.949553,159828,1703495132,946831629,/gps,0,0,24.882764095,121.156024458,352.320007324,"(0.00015128999002933519, 0.0, 0.0, 0.0, 0.00011449000963032266, 0.0, 0.0, 0.0, 0.0001587600004130602)",2
2023/12/25/17:05:33.013273,159829,1703495133,764032,/gps,0,0,24.88276303,121.156024885,352.320007324,"(0.00015128999002933519, 0.0, 0.0, 0.0, 0.00011449000963032266, 0.0, 0.0, 0.0, 0.0001587600004130602)",2
2023/12/25/17:05:33.049680,159830,1703495133,46937825,/gps,0,0,24.88276197,121.156025308,352.329986572,"(0.00016641001130282898, 0.0, 0.0, 0.0, 0.00012769000818341984, 0.0, 0.0, 0.0, 0.00017688999357879168)",2
2023/12/25/17:05:33.099717,159831,1703495133,97544516,/gps,0,0,24.88276092,121.156025717,352.329986572,"(0.00016641001130282898, 0.0, 0.0, 0.0, 0.00012769000818341984, 0.0, 0.0, 0.0, 0.00017688999357879168)",2
2023/12/25/17:05:33.149289,159832,1703495133,146803183,/gps,0,0,24.8827598617,121.156026123,352.320007324,"(0.00016641001130282898, 0.0, 0.0, 0.0, 0.00012769000818341984, 0.0, 0.0, 0.0, 0.00017688999357879168)",2
2023/12/25/17:05:33.199602,159833,1703495133,197207682,/gps,0,0,24.8827587883,121.156026538,352.320007324,"(0.00016641001130282898, 0.0, 0.0, 0.0, 0.00012769000818341984, 0.0, 0.0, 0.0, 0.00017688999357879168)",2
2023/12/25/17:05:33.252092,159834,1703495133,250066602,/gps,0,0,24.882757725,121.15602696,352.320007324,"(0.00016641001130282898, 0.0, 0.0, 0.0, 0.00012769000818341984, 0.0, 0.0, 0.0, 0.00017688999357879168)",2
2023/12/25/17:05:33.299595,159835,1703495133,297485914,/gps,0,0,24.8827566633,121.156027382,352.309997559,"(0.00016641001130282898, 0.0, 0.0, 0.0, 0.00012769000818341984, 0.0, 0.0, 0.0, 0.00017688999357879168)",2
2023/12/25/17:05:33.350393,159836,1703495133,348884365,/gps,0,0,24.8827556133,121.156027805,352.309997559,"(0.00016641001130282898, 0.0, 0.0, 0.0, 0.00012769000818341984, 0.0, 0.0, 0.0, 0.00017688999357879168)",2
2023/12/25/17:05:33.399911,159837,1703495133,397818011,/gps,0,0,24.88275456,121.156028233,352.309997559,"(0.00016641001130282898, 0.0, 0.0, 0.0, 0.00012769000818341984, 0.0, 0.0, 0.0, 0.00017688999357879168)",2
2023/12/25/17:05:33.448967,159838,1703495133,446762185,/gps,0,0,24.8827535117,121.156028665,352.299987793,"(0.00016641001130282898, 0.0, 0.0, 0.0, 0.00012769000818341984, 0.0, 0.0, 0.0, 0.00017688999357879168)",2
2023/12/25/17:05:33.499063,159839,1703495133,497227557,/gps,0,0,24.8827524583,121.156029093,352.299987793,"(0.00016641001130282898, 0.0, 0.0, 0.0, 0.00012769000818341984, 0.0, 0.0, 0.0, 0.00017688999357879168)",2
2023/12/25/17:05:33.549749,159840,1703495133,547143664,/gps,0,0,24.8827513867,121.15602952,352.309997559,"(0.00016641001130282898, 0.0, 0.0, 0.0, 0.00012769000818341984, 0.0, 0.0, 0.0, 0.00017688999357879168)",2
2023/12/25/17:05:33.599322,159841,1703495133,597011452,/gps,0,0,24.8827503267,121.15602994,352.309997559,"(0.00016641001130282898, 0.0, 0.0, 0.0, 0.00012769000818341984, 0.0, 0.0, 0.0, 0.00017688999357879168)",2
2023/12/25/17:05:33.649852,159842,1703495133,647515129,/gps,0,0,24.8827492983,121.156030347,352.299987793,"(0.00016641001130282898, 0.0, 0.0, 0.0, 0.00012769000818341984, 0.0, 0.0, 0.0, 0.00017688999357879168)",2
2023/12/25/17:05:33.698942,159843,1703495133,696998079,/gps,0,0,24.88274828,121.15603074,352.299987793,"(0.00016641001130282898, 0.0, 0.0, 0.0, 0.00012769000818341984, 0.0, 0.0, 0.0, 0.00017688999357879168)",2
2023/12/25/17:05:33.749384,159844,1703495133,746864228,/gps,0,0,24.8827472233,121.156031105,352.299987793,"(0.00016641001130282898, 0.0, 0.0, 0.0, 0.00012769000818341984, 0.0, 0.0, 0.0, 0.00017688999357879168)",2
2023/12/25/17:05:33.799118,159845,1703495133,797227714,/gps,0,0,24.88274615,121.156031473,352.299987793,"(0.00016641001130282898, 0.0, 0.0, 0.0, 0.00012769000818341984, 0.0, 0.0, 0.0, 0.00017688999357879168)",2
2023/12/25/17:05:33.850053,159846,1703495133,847137968,/gps,0,0,24.88274506,121.156031843,352.309997559,"(0.00016641001130282898, 0.0, 0.0, 0.0, 0.00012769000818341984, 0.0, 0.0, 0.0, 0.00017688999357879168)",2
2023/12/25/17:05:33.898917,159847,1703495133,896856367,/gps,0,0,24.8827440167,121.156032235,352.299987793,"(0.00016641001130282898, 0.0, 0.0, 0.0, 0.00012769000818341984, 0.0, 0.0, 0.0, 0.00017688999357879168)",2
2023/12/25/17:05:33.950381,159848,1703495133,946950732,/gps,0,0,24.8827429833,121.156032643,352.290008545,"(0.00016641001130282898, 0.0, 0.0, 0.0, 0.00012769000818341984, 0.0, 0.0, 0.0, 0.00017688999357879168)",2
2023/12/25/17:05:34.013432,159849,1703495134,860433,/gps,0,0,24.8827419683,121.156033082,352.290008545,"(0.00016641001130282898, 0.0, 0.0, 0.0, 0.00012769000818341984, 0.0, 0.0, 0.0, 0.00017688999357879168)",2
2023/12/25/17:05:34.049703,159850,1703495134,47516267,/gps,0,0,24.8827409517,121.15603352,352.290008545,"(0.0001849600049042702, 0.0, 0.0, 0.0, 0.00014640999841332436, 0.0, 0.0, 0.0, 0.0002044899977838993)",2
2023/12/25/17:05:34.099721,159851,1703495134,97556546,/gps,0,0,24.882739915,121.156033945,352.290008545,"(0.0001849600049042702, 0.0, 0.0, 0.0, 0.00014640999841332436, 0.0, 0.0, 0.0, 0.0002044899977838993)",2
2023/12/25/17:05:34.149197,159852,1703495134,146756537,/gps,0,0,24.882738895,121.156034358,352.290008545,"(0.0001849600049042702, 0.0, 0.0, 0.0, 0.00014640999841332436, 0.0, 0.0, 0.0, 0.0002044899977838993)",2
2023/12/25/17:05:34.198962,159853,1703495134,196966638,/gps,0,0,24.8827378717,121.156034783,352.290008545,"(0.0001849600049042702, 0.0, 0.0, 0.0, 0.00014640999841332436, 0.0, 0.0, 0.0, 0.0002044899977838993)",2
2023/12/25/17:05:34.248878,159854,1703495134,246998959,/gps,0,0,24.8827368633,121.156035217,352.290008545,"(0.0001849600049042702, 0.0, 0.0, 0.0, 0.00014640999841332436, 0.0, 0.0, 0.0, 0.0002044899977838993)",2
2023/12/25/17:05:34.299127,159855,1703495134,297234665,/gps,0,0,24.8827358467,121.156035623,352.279998779,"(0.0001849600049042702, 0.0, 0.0, 0.0, 0.00014640999841332436, 0.0, 0.0, 0.0, 0.0002044899977838993)",2
2023/12/25/17:05:34.348906,159856,1703495134,346757178,/gps,0,0,24.882734825,121.156036003,352.279998779,"(0.0001849600049042702, 0.0, 0.0, 0.0, 0.00014640999841332436, 0.0, 0.0, 0.0, 0.0002044899977838993)",2
2023/12/25/17:05:34.399195,159857,1703495134,397626734,/gps,0,0,24.8827338017,121.156036365,352.279998779,"(0.0001849600049042702, 0.0, 0.0, 0.0, 0.00014640999841332436, 0.0, 0.0, 0.0, 0.0002044899977838993)",2
2023/12/25/17:05:34.449116,159858,1703495134,447205767,/gps,0,0,24.8827327817,121.156036717,352.269989014,"(0.0001849600049042702, 0.0, 0.0, 0.0, 0.00014640999841332436, 0.0, 0.0, 0.0, 0.0002044899977838993)",2
2023/12/25/17:05:34.499891,159859,1703495134,498468223,/gps,0,0,24.8827317667,121.156037058,352.260009766,"(0.0001849600049042702, 0.0, 0.0, 0.0, 0.00014640999841332436, 0.0, 0.0, 0.0, 0.0002044899977838993)",2
2023/12/25/17:05:34.549334,159860,1703495134,547497972,/gps,0,0,24.882730765,121.156037407,352.25,"(0.0001849600049042702, 0.0, 0.0, 0.0, 0.00014640999841332436, 0.0, 0.0, 0.0, 0.0002044899977838993)",2
2023/12/25/17:05:34.599510,159861,1703495134,597560380,/gps,0,0,24.8827297633,121.156037768,352.239990234,"(0.0001849600049042702, 0.0, 0.0, 0.0, 0.00014640999841332436, 0.0, 0.0, 0.0, 0.0002044899977838993)",2
2023/12/25/17:05:34.648978,159862,1703495134,646803392,/gps,0,0,24.882728775,121.156038148,352.230010986,"(0.0001849600049042702, 0.0, 0.0, 0.0, 0.00014640999841332436, 0.0, 0.0, 0.0, 0.0002044899977838993)",2
2023/12/25/17:05:34.699100,159863,1703495134,697004777,/gps,0,0,24.8827277783,121.156038533,352.230010986,"(0.0001849600049042702, 0.0, 0.0, 0.0, 0.00014640999841332436, 0.0, 0.0, 0.0, 0.0002044899977838993)",2
2023/12/25/17:05:34.749255,159864,1703495134,746876406,/gps,0,0,24.8827267917,121.156038923,352.230010986,"(0.0001849600049042702, 0.0, 0.0, 0.0, 0.00014640999841332436, 0.0, 0.0, 0.0, 0.0002044899977838993)",2
2023/12/25/17:05:34.799345,159865,1703495134,797193745,/gps,0,0,24.8827258117,121.15603932,352.230010986,"(0.0001849600049042702, 0.0, 0.0, 0.0, 0.00014640999841332436, 0.0, 0.0, 0.0, 0.0002044899977838993)",2
2023/12/25/17:05:34.849029,159866,1703495134,847000108,/gps,0,0,24.8827248333,121.156039712,352.230010986,"(0.0001849600049042702, 0.0, 0.0, 0.0, 0.00014640999841332436, 0.0, 0.0, 0.0, 0.0002044899977838993)",2
2023/12/25/17:05:34.898933,159867,1703495134,896873408,/gps,0,0,24.8827238683,121.1560401,352.220001221,"(0.0001849600049042702, 0.0, 0.0, 0.0, 0.00014640999841332436, 0.0, 0.0, 0.0, 0.0002044899977838993)",2
2023/12/25/17:05:34.950232,159868,1703495134,946834123,/gps,0,0,24.882722905,121.15604048,352.209991455,"(0.0001849600049042702, 0.0, 0.0, 0.0, 0.00014640999841332436, 0.0, 0.0, 0.0, 0.0002044899977838993)",2
2023/12/25/17:05:35.012801,159869,1703495135,590902,/gps,0,0,24.882721945,121.156040857,352.209991455,"(0.0001849600049042702, 0.0, 0.0, 0.0, 0.00014640999841332436, 0.0, 0.0, 0.0, 0.0002044899977838993)",2
2023/12/25/17:05:35.056441,159870,1703495135,52768558,/gps,0,0,24.882720975,121.156041232,352.200012207,"(0.0002044899977838993, 0.0, 0.0, 0.0, 0.00016641001130282898, 0.0, 0.0, 0.0, 0.0002340900026446581)",2
2023/12/25/17:05:35.099215,159871,1703495135,97070100,/gps,0,0,24.882720005,121.156041597,352.200012207,"(0.0002044899977838993, 0.0, 0.0, 0.0, 0.00016641001130282898, 0.0, 0.0, 0.0, 0.0002340900026446581)",2
2023/12/25/17:05:35.148907,159872,1703495135,146797120,/gps,0,0,24.8827190367,121.156041957,352.200012207,"(0.0002044899977838993, 0.0, 0.0, 0.0, 0.00016641001130282898, 0.0, 0.0, 0.0, 0.0002340900026446581)",2
2023/12/25/17:05:35.199282,159873,1703495135,197241760,/gps,0,0,24.882718075,121.156042303,352.200012207,"(0.0002044899977838993, 0.0, 0.0, 0.0, 0.00016641001130282898, 0.0, 0.0, 0.0, 0.0002340900026446581)",2
2023/12/25/17:05:35.249429,159874,1703495135,247463291,/gps,0,0,24.882717125,121.156042648,352.190002441,"(0.0002044899977838993, 0.0, 0.0, 0.0, 0.00016641001130282898, 0.0, 0.0, 0.0, 0.0002340900026446581)",2
2023/12/25/17:05:35.299462,159875,1703495135,297744407,/gps,0,0,24.8827161567,121.156042985,352.190002441,"(0.0002044899977838993, 0.0, 0.0, 0.0, 0.00016641001130282898, 0.0, 0.0, 0.0, 0.0002340900026446581)",2
2023/12/25/17:05:35.349769,159876,1703495135,346920855,/gps,0,0,24.8827151833,121.156043328,352.179992676,"(0.0002044899977838993, 0.0, 0.0, 0.0, 0.00016641001130282898, 0.0, 0.0, 0.0, 0.0002340900026446581)",2
2023/12/25/17:05:35.399277,159877,1703495135,397685095,/gps,0,0,24.8827142133,121.156043665,352.190002441,"(0.0002044899977838993, 0.0, 0.0, 0.0, 0.00016641001130282898, 0.0, 0.0, 0.0, 0.0002340900026446581)",2
2023/12/25/17:05:35.449009,159878,1703495135,447176932,/gps,0,0,24.8827132617,121.156044022,352.179992676,"(0.0002044899977838993, 0.0, 0.0, 0.0, 0.00016641001130282898, 0.0, 0.0, 0.0, 0.0002340900026446581)",2
2023/12/25/17:05:35.499127,159879,1703495135,497267979,/gps,0,0,24.882712315,121.156044388,352.179992676,"(0.0002044899977838993, 0.0, 0.0, 0.0, 0.00016641001130282898, 0.0, 0.0, 0.0, 0.0002340900026446581)",2
2023/12/25/17:05:35.549855,159880,1703495135,547506471,/gps,0,0,24.8827113683,121.156044767,352.179992676,"(0.0002044899977838993, 0.0, 0.0, 0.0, 0.00016641001130282898, 0.0, 0.0, 0.0, 0.0002340900026446581)",2
2023/12/25/17:05:35.599405,159881,1703495135,597570249,/gps,0,0,24.882710425,121.156045155,352.179992676,"(0.0002044899977838993, 0.0, 0.0, 0.0, 0.00016641001130282898, 0.0, 0.0, 0.0, 0.0002340900026446581)",2
2023/12/25/17:05:35.650490,159882,1703495135,647915220,/gps,0,0,24.88270948,121.156045543,352.179992676,"(0.0002044899977838993, 0.0, 0.0, 0.0, 0.00016641001130282898, 0.0, 0.0, 0.0, 0.0002340900026446581)",2
2023/12/25/17:05:35.699620,159883,1703495135,696938742,/gps,0,0,24.8827085367,121.156045932,352.179992676,"(0.0002044899977838993, 0.0, 0.0, 0.0, 0.00016641001130282898, 0.0, 0.0, 0.0, 0.0002340900026446581)",2
2023/12/25/17:05:35.748801,159884,1703495135,746761463,/gps,0,0,24.88270759,121.156046317,352.179992676,"(0.0002044899977838993, 0.0, 0.0, 0.0, 0.00016641001130282898, 0.0, 0.0, 0.0, 0.0002340900026446581)",2
2023/12/25/17:05:35.799760,159885,1703495135,797979769,/gps,0,0,24.88270663,121.156046695,352.179992676,"(0.0002044899977838993, 0.0, 0.0, 0.0, 0.00016641001130282898, 0.0, 0.0, 0.0, 0.0002340900026446581)",2
2023/12/25/17:05:35.849022,159886,1703495135,846999926,/gps,0,0,24.882705665,121.15604706,352.179992676,"(0.0002044899977838993, 0.0, 0.0, 0.0, 0.00016641001130282898, 0.0, 0.0, 0.0, 0.0002340900026446581)",2
2023/12/25/17:05:35.899079,159887,1703495135,896949511,/gps,0,0,24.8827047133,121.156047425,352.170013428,"(0.0002044899977838993, 0.0, 0.0, 0.0, 0.00016641001130282898, 0.0, 0.0, 0.0, 0.0002340900026446581)",2
2023/12/25/17:05:35.948999,159888,1703495135,946845414,/gps,0,0,24.88270376,121.156047777,352.170013428,"(0.0002044899977838993, 0.0, 0.0, 0.0, 0.00016641001130282898, 0.0, 0.0, 0.0, 0.0002340900026446581)",2
2023/12/25/17:05:36.012802,159889,1703495136,757583,/gps,0,0,24.8827027967,121.156048115,352.170013428,"(0.0002044899977838993, 0.0, 0.0, 0.0, 0.00016641001130282898, 0.0, 0.0, 0.0, 0.0002340900026446581)",2
2023/12/25/17:05:36.048852,159890,1703495136,47566521,/gps,0,0,24.8827018267,121.156048465,352.170013428,"(0.00021024998790025728, 0.0, 0.0, 0.0, 0.0001716100025767088, 0.0, 0.0, 0.0, 0.0002689600026392937)",2
2023/12/25/17:05:36.098848,159891,1703495136,96893564,/gps,0,0,24.8827008583,121.156048833,352.160003662,"(0.00021024998790025728, 0.0, 0.0, 0.0, 0.0001716100025767088, 0.0, 0.0, 0.0, 0.0002689600026392937)",2
2023/12/25/17:05:36.149486,159892,1703495136,147546184,/gps,0,0,24.8826998967,121.156049202,352.149993896,"(0.00021024998790025728, 0.0, 0.0, 0.0, 0.0001716100025767088, 0.0, 0.0, 0.0, 0.0002689600026392937)",2
2023/12/25/17:05:36.198974,159893,1703495136,197063451,/gps,0,0,24.8826989167,121.156049565,352.149993896,"(0.00021024998790025728, 0.0, 0.0, 0.0, 0.0001716100025767088, 0.0, 0.0, 0.0, 0.0002689600026392937)",2
2023/12/25/17:05:36.248893,159894,1703495136,246897123,/gps,0,0,24.88269795,121.156049942,352.140014648,"(0.00021024998790025728, 0.0, 0.0, 0.0, 0.0001716100025767088, 0.0, 0.0, 0.0, 0.0002689600026392937)",2
2023/12/25/17:05:36.299679,159895,1703495136,298290799,/gps,0,0,24.8826969833,121.156050342,352.130004883,"(0.00021024998790025728, 0.0, 0.0, 0.0, 0.0001716100025767088, 0.0, 0.0, 0.0, 0.0002689600026392937)",2
2023/12/25/17:05:36.349563,159896,1703495136,346932083,/gps,0,0,24.882696025,121.156050757,352.130004883,"(0.00021024998790025728, 0.0, 0.0, 0.0, 0.0001716100025767088, 0.0, 0.0, 0.0, 0.0002689600026392937)",2
2023/12/25/17:05:36.399598,159897,1703495136,397741695,/gps,0,0,24.8826950633,121.156051172,352.130004883,"(0.00021024998790025728, 0.0, 0.0, 0.0, 0.0001716100025767088, 0.0, 0.0, 0.0, 0.0002689600026392937)",2
2023/12/25/17:05:36.449432,159898,1703495136,447056247,/gps,0,0,24.8826940967,121.156051587,352.119995117,"(0.00021024998790025728, 0.0, 0.0, 0.0, 0.0001716100025767088, 0.0, 0.0, 0.0, 0.0002689600026392937)",2
2023/12/25/17:05:36.499464,159899,1703495136,497112920,/gps,0,0,24.8826931283,121.156051993,352.119995117,"(0.00021024998790025728, 0.0, 0.0, 0.0, 0.0001716100025767088, 0.0, 0.0, 0.0, 0.0002689600026392937)",2
2023/12/25/17:05:36.550997,159900,1703495136,546804981,/gps,0,0,24.8826921767,121.1560524,352.109985352,"(0.00021024998790025728, 0.0, 0.0, 0.0, 0.0001716100025767088, 0.0, 0.0, 0.0, 0.0002689600026392937)",2
2023/12/25/17:05:36.599343,159901,1703495136,597425474,/gps,0,0,24.8826912217,121.156052795,352.100006104,"(0.00021024998790025728, 0.0, 0.0, 0.0, 0.0001716100025767088, 0.0, 0.0, 0.0, 0.0002689600026392937)",2
2023/12/25/17:05:36.650271,159902,1703495136,647020666,/gps,0,0,24.8826902533,121.156053183,352.089996338,"(0.00021024998790025728, 0.0, 0.0, 0.0, 0.0001716100025767088, 0.0, 0.0, 0.0, 0.0002689600026392937)",2
2023/12/25/17:05:36.699150,159903,1703495136,697799457,/gps,0,0,24.8826892817,121.15605357,352.079986572,"(0.00021024998790025728, 0.0, 0.0, 0.0, 0.0001716100025767088, 0.0, 0.0, 0.0, 0.0002689600026392937)",2
2023/12/25/17:05:36.749208,159904,1703495136,747077559,/gps,0,0,24.88268832,121.156053955,352.079986572,"(0.00021024998790025728, 0.0, 0.0, 0.0, 0.0001716100025767088, 0.0, 0.0, 0.0, 0.0002689600026392937)",2
2023/12/25/17:05:36.798954,159905,1703495136,796941133,/gps,0,0,24.8826873633,121.156054335,352.070007324,"(0.00021024998790025728, 0.0, 0.0, 0.0, 0.0001716100025767088, 0.0, 0.0, 0.0, 0.0002689600026392937)",2
2023/12/25/17:05:36.855333,159906,1703495136,847021892,/gps,0,0,24.8826864167,121.156054718,352.059997559,"(0.00021024998790025728, 0.0, 0.0, 0.0, 0.0001716100025767088, 0.0, 0.0, 0.0, 0.0002689600026392937)",2
2023/12/25/17:05:36.899213,159907,1703495136,897110980,/gps,0,0,24.8826854717,121.156055103,352.049987793,"(0.00021024998790025728, 0.0, 0.0, 0.0, 0.0001716100025767088, 0.0, 0.0, 0.0, 0.0002689600026392937)",2
2023/12/25/17:05:36.949256,159908,1703495136,947984819,/gps,0,0,24.8826845367,121.15605548,352.040008545,"(0.00021024998790025728, 0.0, 0.0, 0.0, 0.0001716100025767088, 0.0, 0.0, 0.0, 0.0002689600026392937)",2
2023/12/25/17:05:37.011416,159909,1703495137,755216,/gps,0,0,24.8826836217,121.15605586,352.029998779,"(0.00021024998790025728, 0.0, 0.0, 0.0, 0.0001716100025767088, 0.0, 0.0, 0.0, 0.0002689600026392937)",2
2023/12/25/17:05:37.049130,159910,1703495137,46896332,/gps,0,0,24.8826827083,121.156056237,352.019989014,"(0.0002190400001323223, 0.0, 0.0, 0.0, 0.0001849600049042702, 0.0, 0.0, 0.0, 0.0003062500026077032)",2
2023/12/25/17:05:37.099368,159911,1703495137,97513735,/gps,0,0,24.882681795,121.156056617,352.010009766,"(0.0002190400001323223, 0.0, 0.0, 0.0, 0.0001849600049042702, 0.0, 0.0, 0.0, 0.0003062500026077032)",2
2023/12/25/17:05:37.149369,159912,1703495137,147025672,/gps,0,0,24.8826808983,121.156056988,352.010009766,"(0.0002190400001323223, 0.0, 0.0, 0.0, 0.0001849600049042702, 0.0, 0.0, 0.0, 0.0003062500026077032)",2
2023/12/25/17:05:37.199251,159913,1703495137,196972183,/gps,0,0,24.882680015,121.156057363,351.989990234,"(0.0002190400001323223, 0.0, 0.0, 0.0, 0.0001849600049042702, 0.0, 0.0, 0.0, 0.0003062500026077032)",2
2023/12/25/17:05:37.249023,159914,1703495137,246843140,/gps,0,0,24.8826791217,121.156057743,351.980010986,"(0.0002190400001323223, 0.0, 0.0, 0.0, 0.0001849600049042702, 0.0, 0.0, 0.0, 0.0003062500026077032)",2
2023/12/25/17:05:37.299373,159915,1703495137,296624677,/gps,0,0,24.8826782233,121.15605814,351.980010986,"(0.0002190400001323223, 0.0, 0.0, 0.0, 0.0001849600049042702, 0.0, 0.0, 0.0, 0.0003062500026077032)",2
2023/12/25/17:05:37.348900,159916,1703495137,346900773,/gps,0,0,24.88267733,121.156058537,351.970001221,"(0.0002190400001323223, 0.0, 0.0, 0.0, 0.0001849600049042702, 0.0, 0.0, 0.0, 0.0003062500026077032)",2
2023/12/25/17:05:37.400224,159917,1703495137,397707106,/gps,0,0,24.8826764417,121.156058928,351.959991455,"(0.0002190400001323223, 0.0, 0.0, 0.0, 0.0001849600049042702, 0.0, 0.0, 0.0, 0.0003062500026077032)",2
2023/12/25/17:05:37.450280,159918,1703495137,447469938,/gps,0,0,24.8826755333,121.156059317,351.940002441,"(0.0002190400001323223, 0.0, 0.0, 0.0, 0.0001849600049042702, 0.0, 0.0, 0.0, 0.0003062500026077032)",2
2023/12/25/17:05:37.499548,159919,1703495137,497309844,/gps,0,0,24.8826746183,121.15605971,351.940002441,"(0.0002190400001323223, 0.0, 0.0, 0.0, 0.0001849600049042702, 0.0, 0.0, 0.0, 0.0003062500026077032)",2
2023/12/25/17:05:37.549865,159920,1703495137,547570265,/gps,0,0,24.8826737017,121.156060108,351.929992676,"(0.0002190400001323223, 0.0, 0.0, 0.0, 0.0001849600049042702, 0.0, 0.0, 0.0, 0.0003062500026077032)",2
2023/12/25/17:05:37.599718,159921,1703495137,597565928,/gps,0,0,24.8826728,121.156060505,351.920013428,"(0.0002190400001323223, 0.0, 0.0, 0.0, 0.0001849600049042702, 0.0, 0.0, 0.0, 0.0003062500026077032)",2
2023/12/25/17:05:37.649393,159922,1703495137,647677505,/gps,0,0,24.882671875,121.15606089,351.910003662,"(0.0002190400001323223, 0.0, 0.0, 0.0, 0.0001849600049042702, 0.0, 0.0, 0.0, 0.0003062500026077032)",2
2023/12/25/17:05:37.699374,159923,1703495137,697548695,/gps,0,0,24.88267094,121.156061275,351.899993896,"(0.0002190400001323223, 0.0, 0.0, 0.0, 0.0001849600049042702, 0.0, 0.0, 0.0, 0.0003062500026077032)",2
2023/12/25/17:05:37.748789,159924,1703495137,746741743,/gps,0,0,24.88267001,121.156061667,351.890014648,"(0.0002190400001323223, 0.0, 0.0, 0.0, 0.0001849600049042702, 0.0, 0.0, 0.0, 0.0003062500026077032)",2
2023/12/25/17:05:37.799050,159925,1703495137,797119199,/gps,0,0,24.8826690783,121.156062053,351.880004883,"(0.0002190400001323223, 0.0, 0.0, 0.0, 0.0001849600049042702, 0.0, 0.0, 0.0, 0.0003062500026077032)",2
2023/12/25/17:05:37.849228,159926,1703495137,846936871,/gps,0,0,24.8826681483,121.15606243,351.869995117,"(0.0002190400001323223, 0.0, 0.0, 0.0, 0.0001849600049042702, 0.0, 0.0, 0.0, 0.0003062500026077032)",2
2023/12/25/17:05:37.899025,159927,1703495137,896931510,/gps,0,0,24.88266719,121.156062813,351.859985352,"(0.0002190400001323223, 0.0, 0.0, 0.0, 0.0001849600049042702, 0.0, 0.0, 0.0, 0.0003062500026077032)",2
2023/12/25/17:05:37.949816,159928,1703495137,946962805,/gps,0,0,24.8826662333,121.156063213,351.850006104,"(0.0002190400001323223, 0.0, 0.0, 0.0, 0.0001849600049042702, 0.0, 0.0, 0.0, 0.0003062500026077032)",2
2023/12/25/17:05:38.012142,159929,1703495138,10047360,/gps,0,0,24.8826652933,121.156063628,351.850006104,"(0.0002190400001323223, 0.0, 0.0, 0.0, 0.0001849600049042702, 0.0, 0.0, 0.0, 0.0003062500026077032)",2
2023/12/25/17:05:38.048977,159930,1703495138,47505786,/gps,0,0,24.8826643583,121.156064045,351.829986572,"(0.00023104000779151923, 0.0, 0.0, 0.0, 0.0001904399955993891, 0.0, 0.0, 0.0, 0.0003496899962103367)",2
2023/12/25/17:05:38.099336,159931,1703495138,97016312,/gps,0,0,24.8826634183,121.156064465,351.820007324,"(0.00023104000779151923, 0.0, 0.0, 0.0, 0.0001904399955993891, 0.0, 0.0, 0.0, 0.0003496899962103367)",2
2023/12/25/17:05:38.154976,159932,1703495138,147676040,/gps,0,0,24.8826624733,121.156064883,351.820007324,"(0.00023104000779151923, 0.0, 0.0, 0.0, 0.0001904399955993891, 0.0, 0.0, 0.0, 0.0003496899962103367)",2
2023/12/25/17:05:38.199783,159933,1703495138,197731928,/gps,0,0,24.8826615267,121.156065297,351.809997559,"(0.00023104000779151923, 0.0, 0.0, 0.0, 0.0001904399955993891, 0.0, 0.0, 0.0, 0.0003496899962103367)",2
2023/12/25/17:05:38.249492,159934,1703495138,247203256,/gps,0,0,24.8826605617,121.1560657,351.799987793,"(0.00023104000779151923, 0.0, 0.0, 0.0, 0.0001904399955993891, 0.0, 0.0, 0.0, 0.0003496899962103367)",2
2023/12/25/17:05:38.299530,159935,1703495138,297212255,/gps,0,0,24.8826595933,121.1560661,351.790008545,"(0.00023104000779151923, 0.0, 0.0, 0.0, 0.0001904399955993891, 0.0, 0.0, 0.0, 0.0003496899962103367)",2
2023/12/25/17:05:38.349414,159936,1703495138,347577777,/gps,0,0,24.882658615,121.156066505,351.779998779,"(0.00023104000779151923, 0.0, 0.0, 0.0, 0.0001904399955993891, 0.0, 0.0, 0.0, 0.0003496899962103367)",2
2023/12/25/17:05:38.399227,159937,1703495138,397467242,/gps,0,0,24.8826576483,121.156066913,351.779998779,"(0.00023104000779151923, 0.0, 0.0, 0.0, 0.0001904399955993891, 0.0, 0.0, 0.0, 0.0003496899962103367)",2
2023/12/25/17:05:38.499249,159938,1703495138,496972007,/gps,0,0,24.8826557083,121.156067725,351.760009766,"(0.00023104000779151923, 0.0, 0.0, 0.0, 0.0001904399955993891, 0.0, 0.0, 0.0, 0.0003496899962103367)",2
2023/12/25/17:05:38.549041,159939,1703495138,546781100,/gps,0,0,24.882654735,121.156068147,351.75,"(0.00023104000779151923, 0.0, 0.0, 0.0, 0.0001904399955993891, 0.0, 0.0, 0.0, 0.0003496899962103367)",2
2023/12/25/17:05:38.599332,159940,1703495138,597112592,/gps,0,0,24.88265376,121.156068578,351.75,"(0.00023104000779151923, 0.0, 0.0, 0.0, 0.0001904399955993891, 0.0, 0.0, 0.0, 0.0003496899962103367)",2
2023/12/25/17:05:38.648994,159941,1703495138,646902046,/gps,0,0,24.8826528083,121.15606901,351.739990234,"(0.00023104000779151923, 0.0, 0.0, 0.0, 0.0001904399955993891, 0.0, 0.0, 0.0, 0.0003496899962103367)",2
2023/12/25/17:05:38.699168,159942,1703495138,697474133,/gps,0,0,24.8826518567,121.156069455,351.720001221,"(0.00023104000779151923, 0.0, 0.0, 0.0, 0.0001904399955993891, 0.0, 0.0, 0.0, 0.0003496899962103367)",2
2023/12/25/17:05:38.749158,159943,1703495138,747133794,/gps,0,0,24.8826508933,121.156069912,351.720001221,"(0.00023104000779151923, 0.0, 0.0, 0.0, 0.0001904399955993891, 0.0, 0.0, 0.0, 0.0003496899962103367)",2
2023/12/25/17:05:38.799913,159944,1703495138,798451431,/gps,0,0,24.8826499183,121.156070355,351.709991455,"(0.00023104000779151923, 0.0, 0.0, 0.0, 0.0001904399955993891, 0.0, 0.0, 0.0, 0.0003496899962103367)",2
2023/12/25/17:05:38.849176,159945,1703495138,846908403,/gps,0,0,24.8826489483,121.156070775,351.700012207,"(0.00023104000779151923, 0.0, 0.0, 0.0, 0.0001904399955993891, 0.0, 0.0, 0.0, 0.0003496899962103367)",2
2023/12/25/17:05:38.899499,159946,1703495138,897005411,/gps,0,0,24.8826479717,121.156071188,351.690002441,"(0.00023104000779151923, 0.0, 0.0, 0.0, 0.0001904399955993891, 0.0, 0.0, 0.0, 0.0003496899962103367)",2
2023/12/25/17:05:38.949854,159947,1703495138,946957702,/gps,0,0,24.88264698,121.156071607,351.690002441,"(0.00023104000779151923, 0.0, 0.0, 0.0, 0.0001904399955993891, 0.0, 0.0, 0.0, 0.0003496899962103367)",2
2023/12/25/17:05:39.011900,159948,1703495139,465676,/gps,0,0,24.8826459933,121.156072013,351.679992676,"(0.00023104000779151923, 0.0, 0.0, 0.0, 0.0001904399955993891, 0.0, 0.0, 0.0, 0.0003496899962103367)",2
2023/12/25/17:05:39.049636,159949,1703495139,48141538,/gps,0,0,24.8826450067,121.156072412,351.660003662,"(0.00024335998679637927, 0.0, 0.0, 0.0, 0.0002044899977838993, 0.0, 0.0, 0.0, 0.00038809000246584416)",2
2023/12/25/17:05:39.099833,159950,1703495139,97079916,/gps,0,0,24.88264402,121.15607281,351.649993896,"(0.00024335998679637927, 0.0, 0.0, 0.0, 0.0002044899977838993, 0.0, 0.0, 0.0, 0.00038809000246584416)",2
2023/12/25/17:05:39.149935,159951,1703495139,147653196,/gps,0,0,24.8826430233,121.156073228,351.649993896,"(0.00024335998679637927, 0.0, 0.0, 0.0, 0.0002044899977838993, 0.0, 0.0, 0.0, 0.00038809000246584416)",2
2023/12/25/17:05:39.199449,159952,1703495139,197538959,/gps,0,0,24.882642035,121.156073657,351.640014648,"(0.00024335998679637927, 0.0, 0.0, 0.0, 0.0002044899977838993, 0.0, 0.0, 0.0, 0.00038809000246584416)",2
2023/12/25/17:05:39.249237,159953,1703495139,246832236,/gps,0,0,24.8826410617,121.156074095,351.640014648,"(0.00024335998679637927, 0.0, 0.0, 0.0, 0.0002044899977838993, 0.0, 0.0, 0.0, 0.00038809000246584416)",2
2023/12/25/17:05:39.299352,159954,1703495139,297579190,/gps,0,0,24.88264009,121.156074543,351.630004883,"(0.00024335998679637927, 0.0, 0.0, 0.0, 0.0002044899977838993, 0.0, 0.0, 0.0, 0.00038809000246584416)",2
2023/12/25/17:05:39.399677,159955,1703495139,397916497,/gps,0,0,24.8826381467,121.156075457,351.619995117,"(0.00024335998679637927, 0.0, 0.0, 0.0, 0.0002044899977838993, 0.0, 0.0, 0.0, 0.00038809000246584416)",2
2023/12/25/17:05:39.449349,159956,1703495139,446509163,/gps,0,0,24.88263718,121.156075898,351.619995117,"(0.00024335998679637927, 0.0, 0.0, 0.0, 0.0002044899977838993, 0.0, 0.0, 0.0, 0.00038809000246584416)",2
2023/12/25/17:05:39.499613,159957,1703495139,497716510,/gps,0,0,24.8826362,121.156076327,351.609985352,"(0.00024335998679637927, 0.0, 0.0, 0.0, 0.0002044899977838993, 0.0, 0.0, 0.0, 0.00038809000246584416)",2
2023/12/25/17:05:39.549287,159958,1703495139,547230277,/gps,0,0,24.8826352233,121.156076748,351.609985352,"(0.00024335998679637927, 0.0, 0.0, 0.0, 0.0002044899977838993, 0.0, 0.0, 0.0, 0.00038809000246584416)",2
2023/12/25/17:05:39.599176,159959,1703495139,597006693,/gps,0,0,24.8826342517,121.15607716,351.600006104,"(0.00024335998679637927, 0.0, 0.0, 0.0, 0.0002044899977838993, 0.0, 0.0, 0.0, 0.00038809000246584416)",2
2023/12/25/17:05:39.649921,159960,1703495139,647550510,/gps,0,0,24.88263327,121.156077577,351.589996338,"(0.00024335998679637927, 0.0, 0.0, 0.0, 0.0002044899977838993, 0.0, 0.0, 0.0, 0.00038809000246584416)",2
2023/12/25/17:05:39.699002,159961,1703495139,696914613,/gps,0,0,24.8826322833,121.156078005,351.579986572,"(0.00024335998679637927, 0.0, 0.0, 0.0, 0.0002044899977838993, 0.0, 0.0, 0.0, 0.00038809000246584416)",2
2023/12/25/17:05:39.749475,159962,1703495139,747104944,/gps,0,0,24.8826312867,121.156078437,351.570007324,"(0.00024335998679637927, 0.0, 0.0, 0.0, 0.0002044899977838993, 0.0, 0.0, 0.0, 0.00038809000246584416)",2
2023/12/25/17:05:39.799223,159963,1703495139,797016608,/gps,0,0,24.8826303017,121.156078868,351.570007324,"(0.00024335998679637927, 0.0, 0.0, 0.0, 0.0002044899977838993, 0.0, 0.0, 0.0, 0.00038809000246584416)",2
2023/12/25/17:05:39.848509,159964,1703495139,846832090,/gps,0,0,24.8826293,121.156079313,351.559997559,"(0.00024335998679637927, 0.0, 0.0, 0.0, 0.0002044899977838993, 0.0, 0.0, 0.0, 0.00038809000246584416)",2
2023/12/25/17:05:39.899443,159965,1703495139,896909756,/gps,0,0,24.8826282867,121.156079767,351.549987793,"(0.00024335998679637927, 0.0, 0.0, 0.0, 0.0002044899977838993, 0.0, 0.0, 0.0, 0.00038809000246584416)",2
2023/12/25/17:05:39.949403,159966,1703495139,947703453,/gps,0,0,24.8826272783,121.156080225,351.549987793,"(0.00024335998679637927, 0.0, 0.0, 0.0, 0.0002044899977838993, 0.0, 0.0, 0.0, 0.00038809000246584416)",2
2023/12/25/17:05:40.012047,159967,1703495140,765877,/gps,0,0,24.882626265,121.156080688,351.540008545,"(0.0, 0.0, 0.0, 0.0, 0.0, 0.0, 0.0, 0.0, 0.0)",0
2023/12/25/17:05:40.052508,159968,1703495140,48970266,/gps,0,0,24.882625245,121.156081147,351.540008545,"(0.00024963997589111386, 0.0, 0.0, 0.0, 0.00022200999507099393, 0.0, 0.0, 0.0, 0.00042436001633048073)",2
2023/12/25/17:05:40.099242,159969,1703495140,96913708,/gps,0,0,24.8826242317,121.1560816,351.529998779,"(0.00024963997589111386, 0.0, 0.0, 0.0, 0.00022200999507099393, 0.0, 0.0, 0.0, 0.00042436001633048073)",2
2023/12/25/17:05:40.150524,159970,1703495140,147460968,/gps,0,0,24.882623215,121.156082038,351.529998779,"(0.00024963997589111386, 0.0, 0.0, 0.0, 0.00022200999507099393, 0.0, 0.0, 0.0, 0.00042436001633048073)",2
2023/12/25/17:05:40.198968,159971,1703495140,196917846,/gps,0,0,24.882622195,121.156082465,351.519989014,"(0.00024963997589111386, 0.0, 0.0, 0.0, 0.00022200999507099393, 0.0, 0.0, 0.0, 0.00042436001633048073)",2
2023/12/25/17:05:40.252746,159972,1703495140,250809294,/gps,0,0,24.882621175,121.1560829,351.519989014,"(0.00024963997589111386, 0.0, 0.0, 0.0, 0.00022200999507099393, 0.0, 0.0, 0.0, 0.00042436001633048073)",2
2023/12/25/17:05:40.299086,159973,1703495140,296969893,/gps,0,0,24.882620155,121.156083347,351.519989014,"(0.00024963997589111386, 0.0, 0.0, 0.0, 0.00022200999507099393, 0.0, 0.0, 0.0, 0.00042436001633048073)",2
2023/12/25/17:05:40.348687,159974,1703495140,347459073,/gps,0,0,24.882619145,121.156083792,351.510009766,"(0.00024963997589111386, 0.0, 0.0, 0.0, 0.00022200999507099393, 0.0, 0.0, 0.0, 0.00042436001633048073)",2
2023/12/25/17:05:40.400003,159975,1703495140,397226335,/gps,0,0,24.882618135,121.156084237,351.510009766,"(0.00024963997589111386, 0.0, 0.0, 0.0, 0.00022200999507099393, 0.0, 0.0, 0.0, 0.00042436001633048073)",2
2023/12/25/17:05:40.449303,159976,1703495140,446937774,/gps,0,0,24.8826171317,121.156084682,351.5,"(0.00024963997589111386, 0.0, 0.0, 0.0, 0.00022200999507099393, 0.0, 0.0, 0.0, 0.00042436001633048073)",2
2023/12/25/17:05:40.499146,159977,1703495140,497816677,/gps,0,0,24.8826161217,121.156085127,351.5,"(0.00024963997589111386, 0.0, 0.0, 0.0, 0.00022200999507099393, 0.0, 0.0, 0.0, 0.00042436001633048073)",2
2023/12/25/17:05:40.549051,159978,1703495140,547628350,/gps,0,0,24.88261511,121.156085575,351.5,"(0.00024963997589111386, 0.0, 0.0, 0.0, 0.00022200999507099393, 0.0, 0.0, 0.0, 0.00042436001633048073)",2
2023/12/25/17:05:40.599327,159979,1703495140,597588554,/gps,0,0,24.8826141083,121.156086028,351.5,"(0.00024963997589111386, 0.0, 0.0, 0.0, 0.00022200999507099393, 0.0, 0.0, 0.0, 0.00042436001633048073)",2
2023/12/25/17:05:40.649209,159980,1703495140,647538981,/gps,0,0,24.8826131117,121.156086478,351.489990234,"(0.00024963997589111386, 0.0, 0.0, 0.0, 0.00022200999507099393, 0.0, 0.0, 0.0, 0.00042436001633048073)",2
2023/12/25/17:05:40.699254,159981,1703495140,697192588,/gps,0,0,24.88261212,121.156086913,351.489990234,"(0.00024963997589111386, 0.0, 0.0, 0.0, 0.00022200999507099393, 0.0, 0.0, 0.0, 0.00042436001633048073)",2
2023/12/25/17:05:40.749264,159982,1703495140,747189955,/gps,0,0,24.8826111283,121.15608734,351.480010986,"(0.00024963997589111386, 0.0, 0.0, 0.0, 0.00022200999507099393, 0.0, 0.0, 0.0, 0.00042436001633048073)",2
2023/12/25/17:05:40.798954,159983,1703495140,796948181,/gps,0,0,24.8826101383,121.156087775,351.480010986,"(0.00024963997589111386, 0.0, 0.0, 0.0, 0.00022200999507099393, 0.0, 0.0, 0.0, 0.00042436001633048073)",2
2023/12/25/17:05:40.899064,159984,1703495140,896944471,/gps,0,0,24.8826081483,121.156088658,351.470001221,"(0.00024963997589111386, 0.0, 0.0, 0.0, 0.00022200999507099393, 0.0, 0.0, 0.0, 0.00042436001633048073)",2
2023/12/25/17:05:40.949149,159985,1703495140,947744819,/gps,0,0,24.8826071683,121.156089095,351.470001221,"(0.00024963997589111386, 0.0, 0.0, 0.0, 0.00022200999507099393, 0.0, 0.0, 0.0, 0.00042436001633048073)",2
2023/12/25/17:05:41.011999,159986,1703495141,11571584,/gps,0,0,24.8826062017,121.15608953,351.459991455,"(0.00024963997589111386, 0.0, 0.0, 0.0, 0.00022200999507099393, 0.0, 0.0, 0.0, 0.00042436001633048073)",2
2023/12/25/17:05:41.049190,159987,1703495141,47164025,/gps,0,0,24.88260522,121.156089965,351.450012207,"(0.00025600002431869565, 0.0, 0.0, 0.0, 0.0002249999899417163, 0.0, 0.0, 0.0, 0.00045796003852129064)",2
2023/12/25/17:05:41.098839,159988,1703495141,96937806,/gps,0,0,24.8826042183,121.156090393,351.440002441,"(0.00025600002431869565, 0.0, 0.0, 0.0, 0.0002249999899417163, 0.0, 0.0, 0.0, 0.00045796003852129064)",2
2023/12/25/17:05:41.149386,159989,1703495141,147632318,/gps,0,0,24.88260322,121.156090822,351.440002441,"(0.00025600002431869565, 0.0, 0.0, 0.0, 0.0002249999899417163, 0.0, 0.0, 0.0, 0.00045796003852129064)",2
2023/12/25/17:05:41.199736,159990,1703495141,197728161,/gps,0,0,24.8826022283,121.156091247,351.429992676,"(0.00025600002431869565, 0.0, 0.0, 0.0, 0.0002249999899417163, 0.0, 0.0, 0.0, 0.00045796003852129064)",2
2023/12/25/17:05:41.248926,159991,1703495141,246928228,/gps,0,0,24.8826012433,121.156091673,351.429992676,"(0.00025600002431869565, 0.0, 0.0, 0.0, 0.0002249999899417163, 0.0, 0.0, 0.0, 0.00045796003852129064)",2
2023/12/25/17:05:41.299620,159992,1703495141,297566660,/gps,0,0,24.88260026,121.156092095,351.420013428,"(0.00025600002431869565, 0.0, 0.0, 0.0, 0.0002249999899417163, 0.0, 0.0, 0.0, 0.00045796003852129064)",2
2023/12/25/17:05:41.348719,159993,1703495141,346811399,/gps,0,0,24.8825992733,121.15609251,351.410003662,"(0.00025600002431869565, 0.0, 0.0, 0.0, 0.0002249999899417163, 0.0, 0.0, 0.0, 0.00045796003852129064)",2
2023/12/25/17:05:41.399601,159994,1703495141,397057672,/gps,0,0,24.8825982883,121.156092928,351.410003662,"(0.00025600002431869565, 0.0, 0.0, 0.0, 0.0002249999899417163, 0.0, 0.0, 0.0, 0.00045796003852129064)",2
2023/12/25/17:05:41.450573,159995,1703495141,447496656,/gps,0,0,24.8825973,121.156093358,351.399993896,"(0.00025600002431869565, 0.0, 0.0, 0.0, 0.0002249999899417163, 0.0, 0.0, 0.0, 0.00045796003852129064)",2
2023/12/25/17:05:41.499409,159996,1703495141,497554924,/gps,0,0,24.8825963183,121.156093793,351.399993896,"(0.00025600002431869565, 0.0, 0.0, 0.0, 0.0002249999899417163, 0.0, 0.0, 0.0, 0.00045796003852129064)",2
2023/12/25/17:05:41.549277,159997,1703495141,547015476,/gps,0,0,24.8825953433,121.156094227,351.390014648,"(0.00025600002431869565, 0.0, 0.0, 0.0, 0.0002249999899417163, 0.0, 0.0, 0.0, 0.00045796003852129064)",2
2023/12/25/17:05:41.599241,159998,1703495141,597962866,/gps,0,0,24.882594365,121.156094663,351.380004883,"(0.00025600002431869565, 0.0, 0.0, 0.0, 0.0002249999899417163, 0.0, 0.0, 0.0, 0.00045796003852129064)",2
2023/12/25/17:05:41.649795,159999,1703495141,647495873,/gps,0,0,24.882593385,121.156095093,351.380004883,"(0.00025600002431869565, 0.0, 0.0, 0.0, 0.0002249999899417163, 0.0, 0.0, 0.0, 0.00045796003852129064)",2
2023/12/25/17:05:41.700217,160000,1703495141,697101176,/gps,0,0,24.882592395,121.15609552,351.380004883,"(0.00025600002431869565, 0.0, 0.0, 0.0, 0.0002249999899417163, 0.0, 0.0, 0.0, 0.00045796003852129064)",2
2023/12/25/17:05:41.750797,160001,1703495141,746591654,/gps,0,0,24.882591405,121.156095937,351.380004883,"(0.00025600002431869565, 0.0, 0.0, 0.0, 0.0002249999899417163, 0.0, 0.0, 0.0, 0.00045796003852129064)",2
2023/12/25/17:05:41.799746,160002,1703495141,797655788,/gps,0,0,24.88259042,121.156096357,351.369995117,"(0.00025600002431869565, 0.0, 0.0, 0.0, 0.0002249999899417163, 0.0, 0.0, 0.0, 0.00045796003852129064)",2
2023/12/25/17:05:41.848531,160003,1703495141,846840188,/gps,0,0,24.8825894317,121.156096792,351.369995117,"(0.00025600002431869565, 0.0, 0.0, 0.0, 0.0002249999899417163, 0.0, 0.0, 0.0, 0.00045796003852129064)",2
2023/12/25/17:05:41.899222,160004,1703495141,897202158,/gps,0,0,24.882588435,121.156097228,351.369995117,"(0.00025600002431869565, 0.0, 0.0, 0.0, 0.0002249999899417163, 0.0, 0.0, 0.0, 0.00045796003852129064)",2
2023/12/25/17:05:41.949310,160005,1703495141,946824030,/gps,0,0,24.88258744,121.156097652,351.359985352,"(0.00025600002431869565, 0.0, 0.0, 0.0, 0.0002249999899417163, 0.0, 0.0, 0.0, 0.00045796003852129064)",2
2023/12/25/17:05:42.049407,160006,1703495142,47231141,/gps,0,0,24.88258545,121.156098485,351.350006104,"(0.00025600002431869565, 0.0, 0.0, 0.0, 0.00022200999507099393, 0.0, 0.0, 0.0, 0.0004839999947547913)",2
2023/12/25/17:05:42.099289,160007,1703495142,96897074,/gps,0,0,24.8825844617,121.156098898,351.350006104,"(0.00025600002431869565, 0.0, 0.0, 0.0, 0.00022200999507099393, 0.0, 0.0, 0.0, 0.0004839999947547913)",2
2023/12/25/17:05:42.150012,160008,1703495142,147436763,/gps,0,0,24.882583465,121.15609931,351.350006104,"(0.00025600002431869565, 0.0, 0.0, 0.0, 0.00022200999507099393, 0.0, 0.0, 0.0, 0.0004839999947547913)",2
2023/12/25/17:05:42.199331,160009,1703495142,197460405,/gps,0,0,24.88258248,121.156099725,351.350006104,"(0.00025600002431869565, 0.0, 0.0, 0.0, 0.00022200999507099393, 0.0, 0.0, 0.0, 0.0004839999947547913)",2
2023/12/25/17:05:42.250297,160010,1703495142,247631766,/gps,0,0,24.8825815,121.156100147,351.350006104,"(0.00025600002431869565, 0.0, 0.0, 0.0, 0.00022200999507099393, 0.0, 0.0, 0.0, 0.0004839999947547913)",2
2023/12/25/17:05:42.299289,160011,1703495142,297430308,/gps,0,0,24.882580515,121.15610057,351.339996338,"(0.00025600002431869565, 0.0, 0.0, 0.0, 0.00022200999507099393, 0.0, 0.0, 0.0, 0.0004839999947547913)",2
2023/12/25/17:05:42.348665,160012,1703495142,346672901,/gps,0,0,24.88257954,121.156100988,351.339996338,"(0.00025600002431869565, 0.0, 0.0, 0.0, 0.00022200999507099393, 0.0, 0.0, 0.0, 0.0004839999947547913)",2
2023/12/25/17:05:42.399339,160013,1703495142,397476840,/gps,0,0,24.8825785617,121.156101403,351.339996338,"(0.00025600002431869565, 0.0, 0.0, 0.0, 0.00022200999507099393, 0.0, 0.0, 0.0, 0.0004839999947547913)",2
2023/12/25/17:05:42.449363,160014,1703495142,446955518,/gps,0,0,24.8825775833,121.156101822,351.329986572,"(0.00025600002431869565, 0.0, 0.0, 0.0, 0.00022200999507099393, 0.0, 0.0, 0.0, 0.0004839999947547913)",2
2023/12/25/17:05:42.499407,160015,1703495142,497620312,/gps,0,0,24.882576605,121.156102255,351.339996338,"(0.00025600002431869565, 0.0, 0.0, 0.0, 0.00022200999507099393, 0.0, 0.0, 0.0, 0.0004839999947547913)",2
2023/12/25/17:05:42.548905,160016,1703495142,546997040,/gps,0,0,24.882575625,121.15610269,351.339996338,"(0.00025600002431869565, 0.0, 0.0, 0.0, 0.00022200999507099393, 0.0, 0.0, 0.0, 0.0004839999947547913)",2
2023/12/25/17:05:42.599509,160017,1703495142,597569668,/gps,0,0,24.8825746533,121.15610312,351.329986572,"(0.00025600002431869565, 0.0, 0.0, 0.0, 0.00022200999507099393, 0.0, 0.0, 0.0, 0.0004839999947547913)",2
2023/12/25/17:05:42.649207,160018,1703495142,647479565,/gps,0,0,24.8825736767,121.156103538,351.329986572,"(0.00025600002431869565, 0.0, 0.0, 0.0, 0.00022200999507099393, 0.0, 0.0, 0.0, 0.0004839999947547913)",2
2023/12/25/17:05:42.699475,160019,1703495142,696971933,/gps,0,0,24.8825726983,121.15610395,351.320007324,"(0.00025600002431869565, 0.0, 0.0, 0.0, 0.00022200999507099393, 0.0, 0.0, 0.0, 0.0004839999947547913)",2
2023/12/25/17:05:42.749239,160020,1703495142,746764494,/gps,0,0,24.882571715,121.156104358,351.320007324,"(0.00025600002431869565, 0.0, 0.0, 0.0, 0.00022200999507099393, 0.0, 0.0, 0.0, 0.0004839999947547913)",2
2023/12/25/17:05:42.799442,160021,1703495142,797424245,/gps,0,0,24.8825707367,121.156104762,351.320007324,"(0.00025600002431869565, 0.0, 0.0, 0.0, 0.00022200999507099393, 0.0, 0.0, 0.0, 0.0004839999947547913)",2
2023/12/25/17:05:42.849288,160022,1703495142,847091256,/gps,0,0,24.88256976,121.156105157,351.309997559,"(0.00025600002431869565, 0.0, 0.0, 0.0, 0.00022200999507099393, 0.0, 0.0, 0.0, 0.0004839999947547913)",2
2023/12/25/17:05:42.899686,160023,1703495142,897602142,/gps,0,0,24.882568785,121.15610555,351.309997559,"(0.00025600002431869565, 0.0, 0.0, 0.0, 0.00022200999507099393, 0.0, 0.0, 0.0, 0.0004839999947547913)",2
2023/12/25/17:05:42.949126,160024,1703495142,946754513,/gps,0,0,24.882567815,121.156105947,351.299987793,"(0.00025600002431869565, 0.0, 0.0, 0.0, 0.00022200999507099393, 0.0, 0.0, 0.0, 0.0004839999947547913)",2
2023/12/25/17:05:43.012336,160025,1703495143,450959,/gps,0,0,24.8825668467,121.15610635,351.299987793,"(0.00025600002431869565, 0.0, 0.0, 0.0, 0.00022200999507099393, 0.0, 0.0, 0.0, 0.0004839999947547913)",2
2023/12/25/17:05:43.049118,160026,1703495143,47039505,/gps,0,0,24.88256587,121.156106755,351.299987793,"(0.000265690008161068, 0.0, 0.0, 0.0, 0.0002249999899417163, 0.0, 0.0, 0.0, 0.0005152900251662734)",2
2023/12/25/17:05:43.099411,160027,1703495143,96927532,/gps,0,0,24.8825648917,121.156107167,351.299987793,"(0.000265690008161068, 0.0, 0.0, 0.0, 0.0002249999899417163, 0.0, 0.0, 0.0, 0.0005152900251662734)",2
2023/12/25/17:05:43.150001,160028,1703495143,148478348,/gps,0,0,24.8825639283,121.156107592,351.299987793,"(0.000265690008161068, 0.0, 0.0, 0.0, 0.0002249999899417163, 0.0, 0.0, 0.0, 0.0005152900251662734)",2
2023/12/25/17:05:43.199333,160029,1703495143,197633290,/gps,0,0,24.8825629733,121.15610803,351.290008545,"(0.000265690008161068, 0.0, 0.0, 0.0, 0.0002249999899417163, 0.0, 0.0, 0.0, 0.0005152900251662734)",2
2023/12/25/17:05:43.248965,160030,1703495143,246933060,/gps,0,0,24.882561995,121.156108467,351.290008545,"(0.000265690008161068, 0.0, 0.0, 0.0, 0.0002249999899417163, 0.0, 0.0, 0.0, 0.0005152900251662734)",2
2023/12/25/17:05:43.299291,160031,1703495143,297444471,/gps,0,0,24.8825610233,121.156108898,351.290008545,"(0.000265690008161068, 0.0, 0.0, 0.0, 0.0002249999899417163, 0.0, 0.0, 0.0, 0.0005152900251662734)",2
2023/12/25/17:05:43.348694,160032,1703495143,346675199,/gps,0,0,24.882560055,121.156109322,351.290008545,"(0.000265690008161068, 0.0, 0.0, 0.0, 0.0002249999899417163, 0.0, 0.0, 0.0, 0.0005152900251662734)",2
2023/12/25/17:05:43.399621,160033,1703495143,397139285,/gps,0,0,24.88255908,121.156109742,351.290008545,"(0.000265690008161068, 0.0, 0.0, 0.0, 0.0002249999899417163, 0.0, 0.0, 0.0, 0.0005152900251662734)",2
2023/12/25/17:05:43.449974,160034,1703495143,447488755,/gps,0,0,24.8825580933,121.156110152,351.290008545,"(0.000265690008161068, 0.0, 0.0, 0.0, 0.0002249999899417163, 0.0, 0.0, 0.0, 0.0005152900251662734)",2
2023/12/25/17:05:43.499359,160035,1703495143,497095400,/gps,0,0,24.8825570933,121.156110552,351.290008545,"(0.000265690008161068, 0.0, 0.0, 0.0, 0.0002249999899417163, 0.0, 0.0, 0.0, 0.0005152900251662734)",2
2023/12/25/17:05:43.549046,160036,1703495143,546929766,/gps,0,0,24.882556095,121.156110958,351.279998779,"(0.000265690008161068, 0.0, 0.0, 0.0, 0.0002249999899417163, 0.0, 0.0, 0.0, 0.0005152900251662734)",2
2023/12/25/17:05:43.599704,160037,1703495143,597506081,/gps,0,0,24.8825551017,121.156111378,351.290008545,"(0.000265690008161068, 0.0, 0.0, 0.0, 0.0002249999899417163, 0.0, 0.0, 0.0, 0.0005152900251662734)",2
2023/12/25/17:05:43.648923,160038,1703495143,646792976,/gps,0,0,24.882554115,121.156111798,351.290008545,"(0.000265690008161068, 0.0, 0.0, 0.0, 0.0002249999899417163, 0.0, 0.0, 0.0, 0.0005152900251662734)",2
2023/12/25/17:05:43.699228,160039,1703495143,696944967,/gps,0,0,24.8825531267,121.15611221,351.290008545,"(0.000265690008161068, 0.0, 0.0, 0.0, 0.0002249999899417163, 0.0, 0.0, 0.0, 0.0005152900251662734)",2
2023/12/25/17:05:43.749225,160040,1703495143,747166168,/gps,0,0,24.88255213,121.156112625,351.279998779,"(0.000265690008161068, 0.0, 0.0, 0.0, 0.0002249999899417163, 0.0, 0.0, 0.0, 0.0005152900251662734)",2
2023/12/25/17:05:43.799754,160041,1703495143,797468504,/gps,0,0,24.8825511267,121.156113047,351.279998779,"(0.000265690008161068, 0.0, 0.0, 0.0, 0.0002249999899417163, 0.0, 0.0, 0.0, 0.0005152900251662734)",2
2023/12/25/17:05:43.849540,160042,1703495143,846972401,/gps,0,0,24.88255013,121.156113465,351.290008545,"(0.000265690008161068, 0.0, 0.0, 0.0, 0.0002249999899417163, 0.0, 0.0, 0.0, 0.0005152900251662734)",2
2023/12/25/17:05:43.899885,160043,1703495143,896862582,/gps,0,0,24.8825491383,121.15611389,351.279998779,"(0.000265690008161068, 0.0, 0.0, 0.0, 0.0002249999899417163, 0.0, 0.0, 0.0, 0.0005152900251662734)",2
2023/12/25/17:05:43.949502,160044,1703495143,947435439,/gps,0,0,24.8825481617,121.156114315,351.279998779,"(0.000265690008161068, 0.0, 0.0, 0.0, 0.0002249999899417163, 0.0, 0.0, 0.0, 0.0005152900251662734)",2
2023/12/25/17:05:44.011595,160045,1703495144,443266,/gps,0,0,24.8825471817,121.156114752,351.279998779,"(0.000265690008161068, 0.0, 0.0, 0.0, 0.0002249999899417163, 0.0, 0.0, 0.0, 0.0005152900251662734)",2
2023/12/25/17:05:44.049243,160046,1703495144,47084971,/gps,0,0,24.8825461967,121.156115167,351.279998779,"(0.0002689600026392937, 0.0, 0.0, 0.0, 0.0002249999899417163, 0.0, 0.0, 0.0, 0.0005382399863100053)",2
2023/12/25/17:05:44.098979,160047,1703495144,96903588,/gps,0,0,24.8825451983,121.156115577,351.279998779,"(0.0002689600026392937, 0.0, 0.0, 0.0, 0.0002249999899417163, 0.0, 0.0, 0.0, 0.0005382399863100053)",2
2023/12/25/17:05:44.148991,160048,1703495144,146803070,/gps,0,0,24.882544205,121.156115985,351.269989014,"(0.0002689600026392937, 0.0, 0.0, 0.0, 0.0002249999899417163, 0.0, 0.0, 0.0, 0.0005382399863100053)",2
2023/12/25/17:05:44.199725,160049,1703495144,198715511,/gps,0,0,24.882543215,121.156116397,351.269989014,"(0.0002689600026392937, 0.0, 0.0, 0.0, 0.0002249999899417163, 0.0, 0.0, 0.0, 0.0005382399863100053)",2
2023/12/25/17:05:44.249506,160050,1703495144,246855313,/gps,0,0,24.8825422333,121.156116818,351.260009766,"(0.0002689600026392937, 0.0, 0.0, 0.0, 0.0002249999899417163, 0.0, 0.0, 0.0, 0.0005382399863100053)",2
2023/12/25/17:05:44.299214,160051,1703495144,297186391,/gps,0,0,24.8825412533,121.156117255,351.260009766,"(0.0002689600026392937, 0.0, 0.0, 0.0, 0.0002249999899417163, 0.0, 0.0, 0.0, 0.0005382399863100053)",2
2023/12/25/17:05:44.349342,160052,1703495144,347215242,/gps,0,0,24.8825402733,121.156117692,351.25,"(0.0002689600026392937, 0.0, 0.0, 0.0, 0.0002249999899417163, 0.0, 0.0, 0.0, 0.0005382399863100053)",2
2023/12/25/17:05:44.399306,160053,1703495144,396996605,/gps,0,0,24.8825392933,121.15611812,351.25,"(0.0002689600026392937, 0.0, 0.0, 0.0, 0.0002249999899417163, 0.0, 0.0, 0.0, 0.0005382399863100053)",2
2023/12/25/17:05:44.449356,160054,1703495144,447221044,/gps,0,0,24.8825383167,121.156118543,351.239990234,"(0.0002689600026392937, 0.0, 0.0, 0.0, 0.0002249999899417163, 0.0, 0.0, 0.0, 0.0005382399863100053)",2
2023/12/25/17:05:44.499038,160055,1703495144,497152151,/gps,0,0,24.8825373283,121.156118962,351.239990234,"(0.0002689600026392937, 0.0, 0.0, 0.0, 0.0002249999899417163, 0.0, 0.0, 0.0, 0.0005382399863100053)",2
2023/12/25/17:05:44.548804,160056,1703495144,546821609,/gps,0,0,24.8825363417,121.156119372,351.230010986,"(0.0002689600026392937, 0.0, 0.0, 0.0, 0.0002249999899417163, 0.0, 0.0, 0.0, 0.0005382399863100053)",2
2023/12/25/17:05:44.599367,160057,1703495144,597673891,/gps,0,0,24.8825353733,121.156119792,351.220001221,"(0.0002689600026392937, 0.0, 0.0, 0.0, 0.0002249999899417163, 0.0, 0.0, 0.0, 0.0005382399863100053)",2
2023/12/25/17:05:44.648869,160058,1703495144,646748526,/gps,0,0,24.8825344,121.15612022,351.209991455,"(0.0002689600026392937, 0.0, 0.0, 0.0, 0.0002249999899417163, 0.0, 0.0, 0.0, 0.0005382399863100053)",2
2023/12/25/17:05:44.699342,160059,1703495144,697023312,/gps,0,0,24.8825334067,121.156120653,351.209991455,"(0.0002689600026392937, 0.0, 0.0, 0.0, 0.0002249999899417163, 0.0, 0.0, 0.0, 0.0005382399863100053)",2
2023/12/25/17:05:44.749290,160060,1703495144,746888877,/gps,0,0,24.8825324333,121.156121083,351.209991455,"(0.0002689600026392937, 0.0, 0.0, 0.0, 0.0002249999899417163, 0.0, 0.0, 0.0, 0.0005382399863100053)",2
2023/12/25/17:05:44.799376,160061,1703495144,797545507,/gps,0,0,24.882531465,121.156121498,351.200012207,"(0.0002689600026392937, 0.0, 0.0, 0.0, 0.0002249999899417163, 0.0, 0.0, 0.0, 0.0005382399863100053)",2
2023/12/25/17:05:44.849889,160062,1703495144,846972018,/gps,0,0,24.8825305,121.156121913,351.190002441,"(0.0002689600026392937, 0.0, 0.0, 0.0, 0.0002249999899417163, 0.0, 0.0, 0.0, 0.0005382399863100053)",2
2023/12/25/17:05:44.899283,160063,1703495144,897571154,/gps,0,0,24.8825295233,121.15612233,351.190002441,"(0.0002689600026392937, 0.0, 0.0, 0.0, 0.0002249999899417163, 0.0, 0.0, 0.0, 0.0005382399863100053)",2
2023/12/25/17:05:44.948982,160064,1703495144,947013913,/gps,0,0,24.8825285483,121.156122755,351.190002441,"(0.0002689600026392937, 0.0, 0.0, 0.0, 0.0002249999899417163, 0.0, 0.0, 0.0, 0.0005382399863100053)",2
2023/12/25/17:05:45.013076,160065,1703495145,445548,/gps,0,0,24.8825275767,121.156123182,351.179992676,"(0.0002689600026392937, 0.0, 0.0, 0.0, 0.0002249999899417163, 0.0, 0.0, 0.0, 0.0005382399863100053)",2
2023/12/25/17:05:45.049128,160066,1703495145,46954693,/gps,0,0,24.8825266183,121.156123607,351.179992676,"(0.0002788899856662752, 0.0, 0.0, 0.0, 0.0002340900026446581, 0.0, 0.0, 0.0, 0.0005616900340443855)",2
2023/12/25/17:05:45.098909,160067,1703495145,96902602,/gps,0,0,24.8825256567,121.15612402,351.170013428,"(0.0002788899856662752, 0.0, 0.0, 0.0, 0.0002340900026446581, 0.0, 0.0, 0.0, 0.0005616900340443855)",2
2023/12/25/17:05:45.149121,160068,1703495145,147015566,/gps,0,0,24.8825246933,121.156124432,351.160003662,"(0.0002788899856662752, 0.0, 0.0, 0.0, 0.0002340900026446581, 0.0, 0.0, 0.0, 0.0005616900340443855)",2
2023/12/25/17:05:45.199345,160069,1703495145,197718229,/gps,0,0,24.8825237283,121.156124828,351.160003662,"(0.0002788899856662752, 0.0, 0.0, 0.0, 0.0002340900026446581, 0.0, 0.0, 0.0, 0.0005616900340443855)",2
2023/12/25/17:05:45.249417,160070,1703495145,247552406,/gps,0,0,24.8825227733,121.156125217,351.149993896,"(0.0002788899856662752, 0.0, 0.0, 0.0, 0.0002340900026446581, 0.0, 0.0, 0.0, 0.0005616900340443855)",2
2023/12/25/17:05:45.299250,160071,1703495145,297169045,/gps,0,0,24.8825218133,121.156125612,351.140014648,"(0.0002788899856662752, 0.0, 0.0, 0.0, 0.0002340900026446581, 0.0, 0.0, 0.0, 0.0005616900340443855)",2
2023/12/25/17:05:45.349183,160072,1703495145,347026103,/gps,0,0,24.8825208467,121.156126018,351.140014648,"(0.0002788899856662752, 0.0, 0.0, 0.0, 0.0002340900026446581, 0.0, 0.0, 0.0, 0.0005616900340443855)",2
2023/12/25/17:05:45.399417,160073,1703495145,397846478,/gps,0,0,24.882519895,121.156126437,351.140014648,"(0.0002788899856662752, 0.0, 0.0, 0.0, 0.0002340900026446581, 0.0, 0.0, 0.0, 0.0005616900340443855)",2
2023/12/25/17:05:45.449144,160074,1703495145,447929623,/gps,0,0,24.8825189517,121.156126867,351.130004883,"(0.0002788899856662752, 0.0, 0.0, 0.0, 0.0002340900026446581, 0.0, 0.0, 0.0, 0.0005616900340443855)",2
2023/12/25/17:05:45.499816,160075,1703495145,497518715,/gps,0,0,24.882518015,121.156127288,351.119995117,"(0.0002788899856662752, 0.0, 0.0, 0.0, 0.0002340900026446581, 0.0, 0.0, 0.0, 0.0005616900340443855)",2
2023/12/25/17:05:45.548761,160076,1703495145,547516654,/gps,0,0,24.8825170767,121.1561277,351.119995117,"(0.0002788899856662752, 0.0, 0.0, 0.0, 0.0002340900026446581, 0.0, 0.0, 0.0, 0.0005616900340443855)",2
2023/12/25/17:05:45.599374,160077,1703495145,597431183,/gps,0,0,24.8825161333,121.156128103,351.109985352,"(0.0002788899856662752, 0.0, 0.0, 0.0, 0.0002340900026446581, 0.0, 0.0, 0.0, 0.0005616900340443855)",2
2023/12/25/17:05:45.648749,160078,1703495145,646757764,/gps,0,0,24.882515185,121.156128492,351.109985352,"(0.0002788899856662752, 0.0, 0.0, 0.0, 0.0002340900026446581, 0.0, 0.0, 0.0, 0.0005616900340443855)",2
2023/12/25/17:05:45.699054,160079,1703495145,696924157,/gps,0,0,24.8825142317,121.156128875,351.100006104,"(0.0002788899856662752, 0.0, 0.0, 0.0, 0.0002340900026446581, 0.0, 0.0, 0.0, 0.0005616900340443855)",2
2023/12/25/17:05:45.750316,160080,1703495145,746765723,/gps,0,0,24.8825133,121.156129268,351.100006104,"(0.0002788899856662752, 0.0, 0.0, 0.0, 0.0002340900026446581, 0.0, 0.0, 0.0, 0.0005616900340443855)",2
2023/12/25/17:05:45.799596,160081,1703495145,797635931,/gps,0,0,24.882512375,121.15612966,351.089996338,"(0.0002788899856662752, 0.0, 0.0, 0.0, 0.0002340900026446581, 0.0, 0.0, 0.0, 0.0005616900340443855)",2
2023/12/25/17:05:45.850109,160082,1703495145,846898195,/gps,0,0,24.88251145,121.156130055,351.089996338,"(0.0002788899856662752, 0.0, 0.0, 0.0, 0.0002340900026446581, 0.0, 0.0, 0.0, 0.0005616900340443855)",2
2023/12/25/17:05:45.899089,160083,1703495145,896896846,/gps,0,0,24.8825105233,121.156130453,351.079986572,"(0.0002788899856662752, 0.0, 0.0, 0.0, 0.0002340900026446581, 0.0, 0.0, 0.0, 0.0005616900340443855)",2
2023/12/25/17:05:45.949036,160084,1703495145,946716791,/gps,0,0,24.8825095983,121.156130855,351.089996338,"(0.0002788899856662752, 0.0, 0.0, 0.0, 0.0002340900026446581, 0.0, 0.0, 0.0, 0.0005616900340443855)",2
2023/12/25/17:05:46.012140,160085,1703495146,518939,/gps,0,0,24.8825086817,121.15613126,351.089996338,"(0.0002788899856662752, 0.0, 0.0, 0.0, 0.0002340900026446581, 0.0, 0.0, 0.0, 0.0005616900340443855)",2
2023/12/25/17:05:46.050122,160086,1703495146,48865607,/gps,0,0,24.8825077733,121.156131667,351.079986572,"(0.0002788899856662752, 0.0, 0.0, 0.0, 0.00023104000779151923, 0.0, 0.0, 0.0, 0.0005760000100135804)",2
2023/12/25/17:05:46.099170,160087,1703495146,96897143,/gps,0,0,24.8825068833,121.156132063,351.079986572,"(0.0002788899856662752, 0.0, 0.0, 0.0, 0.00023104000779151923, 0.0, 0.0, 0.0, 0.0005760000100135804)",2
2023/12/25/17:05:46.149867,160088,1703495146,147020199,/gps,0,0,24.882506005,121.15613245,351.070007324,"(0.0002788899856662752, 0.0, 0.0, 0.0, 0.00023104000779151923, 0.0, 0.0, 0.0, 0.0005760000100135804)",2
2023/12/25/17:05:46.199672,160089,1703495146,197512545,/gps,0,0,24.8825051383,121.156132838,351.059997559,"(0.0002788899856662752, 0.0, 0.0, 0.0, 0.00023104000779151923, 0.0, 0.0, 0.0, 0.0005760000100135804)",2
2023/12/25/17:05:46.249062,160090,1703495146,246790019,/gps,0,0,24.8825042667,121.156133222,351.049987793,"(0.0002788899856662752, 0.0, 0.0, 0.0, 0.00023104000779151923, 0.0, 0.0, 0.0, 0.0005760000100135804)",2
2023/12/25/17:05:46.299586,160091,1703495146,297035582,/gps,0,0,24.88250337,121.156133585,351.049987793,"(0.0002788899856662752, 0.0, 0.0, 0.0, 0.00023104000779151923, 0.0, 0.0, 0.0, 0.0005760000100135804)",2
2023/12/25/17:05:46.350175,160092,1703495146,346713014,/gps,0,0,24.882502495,121.156133933,351.049987793,"(0.0002788899856662752, 0.0, 0.0, 0.0, 0.00023104000779151923, 0.0, 0.0, 0.0, 0.0005760000100135804)",2
2023/12/25/17:05:46.399419,160093,1703495146,397555833,/gps,0,0,24.8825016167,121.156134283,351.040008545,"(0.0002788899856662752, 0.0, 0.0, 0.0, 0.00023104000779151923, 0.0, 0.0, 0.0, 0.0005760000100135804)",2
2023/12/25/17:05:46.450876,160094,1703495146,449120599,/gps,0,0,24.88250074,121.15613464,351.040008545,"(0.0002788899856662752, 0.0, 0.0, 0.0, 0.00023104000779151923, 0.0, 0.0, 0.0, 0.0005760000100135804)",2
2023/12/25/17:05:46.499321,160095,1703495146,497585222,/gps,0,0,24.8824998733,121.156134998,351.040008545,"(0.0002788899856662752, 0.0, 0.0, 0.0, 0.00023104000779151923, 0.0, 0.0, 0.0, 0.0005760000100135804)",2
2023/12/25/17:05:46.549672,160096,1703495146,547463004,/gps,0,0,24.8824990317,121.156135357,351.029998779,"(0.0002788899856662752, 0.0, 0.0, 0.0, 0.00023104000779151923, 0.0, 0.0, 0.0, 0.0005760000100135804)",2
2023/12/25/17:05:46.599766,160097,1703495146,597931653,/gps,0,0,24.8824982033,121.156135713,351.029998779,"(0.0002788899856662752, 0.0, 0.0, 0.0, 0.00023104000779151923, 0.0, 0.0, 0.0, 0.0005760000100135804)",2
2023/12/25/17:05:46.649202,160098,1703495146,647166758,/gps,0,0,24.882497375,121.156136078,351.029998779,"(0.0002788899856662752, 0.0, 0.0, 0.0, 0.00023104000779151923, 0.0, 0.0, 0.0, 0.0005760000100135804)",2
2023/12/25/17:05:46.699468,160099,1703495146,696975247,/gps,0,0,24.8824965533,121.156136457,351.029998779,"(0.0002788899856662752, 0.0, 0.0, 0.0, 0.00023104000779151923, 0.0, 0.0, 0.0, 0.0005760000100135804)",2
2023/12/25/17:05:46.751548,160100,1703495146,746848963,/gps,0,0,24.8824957567,121.156136838,351.029998779,"(0.0002788899856662752, 0.0, 0.0, 0.0, 0.00023104000779151923, 0.0, 0.0, 0.0, 0.0005760000100135804)",2
2023/12/25/17:05:46.799276,160101,1703495146,797525021,/gps,0,0,24.882494975,121.1561372,351.019989014,"(0.0002788899856662752, 0.0, 0.0, 0.0, 0.00023104000779151923, 0.0, 0.0, 0.0, 0.0005760000100135804)",2
2023/12/25/17:05:46.850552,160102,1703495146,848880596,/gps,0,0,24.8824941933,121.156137555,351.010009766,"(0.0002788899856662752, 0.0, 0.0, 0.0, 0.00023104000779151923, 0.0, 0.0, 0.0, 0.0005760000100135804)",2
2023/12/25/17:05:46.899207,160103,1703495146,897429807,/gps,0,0,24.8824934267,121.156137913,351.010009766,"(0.0002788899856662752, 0.0, 0.0, 0.0, 0.00023104000779151923, 0.0, 0.0, 0.0, 0.0005760000100135804)",2
2023/12/25/17:05:46.948926,160104,1703495146,946892209,/gps,0,0,24.882492675,121.156138265,351.010009766,"(0.0002788899856662752, 0.0, 0.0, 0.0, 0.00023104000779151923, 0.0, 0.0, 0.0, 0.0005760000100135804)",2
2023/12/25/17:05:47.011993,160105,1703495147,611350,/gps,0,0,24.8824919317,121.156138588,351.010009766,"(0.0002788899856662752, 0.0, 0.0, 0.0, 0.00023104000779151923, 0.0, 0.0, 0.0, 0.0005760000100135804)",2
2023/12/25/17:05:47.049980,160106,1703495147,46904534,/gps,0,0,24.8824911867,121.156138885,351.010009766,"(0.0002822399798727039, 0.0, 0.0, 0.0, 0.00023104000779151923, 0.0, 0.0, 0.0, 0.0005856399936532974)",2
2023/12/25/17:05:47.099412,160107,1703495147,97376700,/gps,0,0,24.8824904517,121.156139178,351.010009766,"(0.0002822399798727039, 0.0, 0.0, 0.0, 0.00023104000779151923, 0.0, 0.0, 0.0, 0.0005856399936532974)",2
2023/12/25/17:05:47.148956,160108,1703495147,146707801,/gps,0,0,24.8824897317,121.156139465,351.010009766,"(0.0002822399798727039, 0.0, 0.0, 0.0, 0.00023104000779151923, 0.0, 0.0, 0.0, 0.0005856399936532974)",2
2023/12/25/17:05:47.199291,160109,1703495147,197498585,/gps,0,0,24.8824890317,121.15613975,351.010009766,"(0.0002822399798727039, 0.0, 0.0, 0.0, 0.00023104000779151923, 0.0, 0.0, 0.0, 0.0005856399936532974)",2
2023/12/25/17:05:47.249132,160110,1703495147,246780575,/gps,0,0,24.8824883383,121.156140035,351.010009766,"(0.0002822399798727039, 0.0, 0.0, 0.0, 0.00023104000779151923, 0.0, 0.0, 0.0, 0.0005856399936532974)",2
2023/12/25/17:05:47.299021,160111,1703495147,296949693,/gps,0,0,24.8824876683,121.156140318,351.0,"(0.0002822399798727039, 0.0, 0.0, 0.0, 0.00023104000779151923, 0.0, 0.0, 0.0, 0.0005856399936532974)",2
2023/12/25/17:05:47.349531,160112,1703495147,347502410,/gps,0,0,24.8824870133,121.156140602,351.0,"(0.0002822399798727039, 0.0, 0.0, 0.0, 0.00023104000779151923, 0.0, 0.0, 0.0, 0.0005856399936532974)",2
2023/12/25/17:05:47.398869,160113,1703495147,397020679,/gps,0,0,24.8824863667,121.156140887,351.0,"(0.0002822399798727039, 0.0, 0.0, 0.0, 0.00023104000779151923, 0.0, 0.0, 0.0, 0.0005856399936532974)",2
2023/12/25/17:05:47.448991,160114,1703495147,446974471,/gps,0,0,24.882485735,121.156141173,351.0,"(0.0002822399798727039, 0.0, 0.0, 0.0, 0.00023104000779151923, 0.0, 0.0, 0.0, 0.0005856399936532974)",2
2023/12/25/17:05:47.499253,160115,1703495147,497565428,/gps,0,0,24.8824851183,121.156141462,351.0,"(0.0002822399798727039, 0.0, 0.0, 0.0, 0.00023104000779151923, 0.0, 0.0, 0.0, 0.0005856399936532974)",2
2023/12/25/17:05:47.549229,160116,1703495147,547520849,/gps,0,0,24.8824845217,121.15614175,351.0,"(0.0002822399798727039, 0.0, 0.0, 0.0, 0.00023104000779151923, 0.0, 0.0, 0.0, 0.0005856399936532974)",2
2023/12/25/17:05:47.599222,160117,1703495147,597593499,/gps,0,0,24.8824839383,121.156142032,351.0,"(0.0002822399798727039, 0.0, 0.0, 0.0, 0.00023104000779151923, 0.0, 0.0, 0.0, 0.0005856399936532974)",2
2023/12/25/17:05:47.648942,160118,1703495147,647059329,/gps,0,0,24.8824833567,121.156142297,351.0,"(0.0002822399798727039, 0.0, 0.0, 0.0, 0.00023104000779151923, 0.0, 0.0, 0.0, 0.0005856399936532974)",2
2023/12/25/17:05:47.699231,160119,1703495147,697032410,/gps,0,0,24.8824827833,121.156142547,351.0,"(0.0002822399798727039, 0.0, 0.0, 0.0, 0.00023104000779151923, 0.0, 0.0, 0.0, 0.0005856399936532974)",2
2023/12/25/17:05:47.749238,160120,1703495147,747019245,/gps,0,0,24.8824822233,121.156142787,351.0,"(0.0002822399798727039, 0.0, 0.0, 0.0, 0.00023104000779151923, 0.0, 0.0, 0.0, 0.0005856399936532974)",2
2023/12/25/17:05:47.799369,160121,1703495147,797617588,/gps,0,0,24.882481675,121.156143017,350.989990234,"(0.0002822399798727039, 0.0, 0.0, 0.0, 0.00023104000779151923, 0.0, 0.0, 0.0, 0.0005856399936532974)",2
2023/12/25/17:05:47.850136,160122,1703495147,846913575,/gps,0,0,24.8824811367,121.156143247,350.989990234,"(0.0002822399798727039, 0.0, 0.0, 0.0, 0.00023104000779151923, 0.0, 0.0, 0.0, 0.0005856399936532974)",2
2023/12/25/17:05:47.899275,160123,1703495147,897466144,/gps,0,0,24.8824806183,121.156143488,350.989990234,"(0.0002822399798727039, 0.0, 0.0, 0.0, 0.00023104000779151923, 0.0, 0.0, 0.0, 0.0005856399936532974)",2
2023/12/25/17:05:47.949410,160124,1703495147,946972179,/gps,0,0,24.8824801217,121.156143717,350.989990234,"(0.0002822399798727039, 0.0, 0.0, 0.0, 0.00023104000779151923, 0.0, 0.0, 0.0, 0.0005856399936532974)",2
2023/12/25/17:05:48.011771,160125,1703495148,572747,/gps,0,0,24.8824796317,121.156143932,350.989990234,"(0.0002822399798727039, 0.0, 0.0, 0.0, 0.00023104000779151923, 0.0, 0.0, 0.0, 0.0005856399936532974)",2
2023/12/25/17:05:48.049510,160126,1703495148,47565329,/gps,0,0,24.8824791383,121.15614413,350.989990234,"(0.00028900003141164865, 0.0, 0.0, 0.0, 0.00022801001287043113, 0.0, 0.0, 0.0, 0.0005904899853712321)",2
2023/12/25/17:05:48.098974,160127,1703495148,97114264,/gps,0,0,24.8824786483,121.156144332,350.989990234,"(0.00028900003141164865, 0.0, 0.0, 0.0, 0.00022801001287043113, 0.0, 0.0, 0.0, 0.0005904899853712321)",2
2023/12/25/17:05:48.149633,160128,1703495148,146877659,/gps,0,0,24.882478175,121.156144527,350.989990234,"(0.00028900003141164865, 0.0, 0.0, 0.0, 0.00022801001287043113, 0.0, 0.0, 0.0, 0.0005904899853712321)",2
2023/12/25/17:05:48.199696,160129,1703495148,197586966,/gps,0,0,24.8824777167,121.156144718,350.980010986,"(0.00028900003141164865, 0.0, 0.0, 0.0, 0.00022801001287043113, 0.0, 0.0, 0.0, 0.0005904899853712321)",2
2023/12/25/17:05:48.248996,160130,1703495148,247622511,/gps,0,0,24.882477265,121.156144907,350.980010986,"(0.00028900003141164865, 0.0, 0.0, 0.0, 0.00022801001287043113, 0.0, 0.0, 0.0, 0.0005904899853712321)",2
2023/12/25/17:05:48.298949,160131,1703495148,297009458,/gps,0,0,24.882476825,121.156145087,350.980010986,"(0.00028900003141164865, 0.0, 0.0, 0.0, 0.00022801001287043113, 0.0, 0.0, 0.0, 0.0005904899853712321)",2
2023/12/25/17:05:48.349141,160132,1703495148,346982116,/gps,0,0,24.8824763967,121.15614526,350.980010986,"(0.00028900003141164865, 0.0, 0.0, 0.0, 0.00022801001287043113, 0.0, 0.0, 0.0, 0.0005904899853712321)",2
2023/12/25/17:05:48.399431,160133,1703495148,397646752,/gps,0,0,24.88247598,121.156145432,350.980010986,"(0.00028900003141164865, 0.0, 0.0, 0.0, 0.00022801001287043113, 0.0, 0.0, 0.0, 0.0005904899853712321)",2
2023/12/25/17:05:48.499648,160134,1703495148,497612133,/gps,0,0,24.8824751983,121.156145797,350.980010986,"(0.00028900003141164865, 0.0, 0.0, 0.0, 0.00022801001287043113, 0.0, 0.0, 0.0, 0.0005904899853712321)",2
2023/12/25/17:05:48.549371,160135,1703495148,546897315,/gps,0,0,24.8824748317,121.15614597,350.970001221,"(0.00028900003141164865, 0.0, 0.0, 0.0, 0.00022801001287043113, 0.0, 0.0, 0.0, 0.0005904899853712321)",2
2023/12/25/17:05:48.599071,160136,1703495148,597183441,/gps,0,0,24.8824744733,121.156146128,350.970001221,"(0.00028900003141164865, 0.0, 0.0, 0.0, 0.00022801001287043113, 0.0, 0.0, 0.0, 0.0005904899853712321)",2
2023/12/25/17:05:48.649197,160137,1703495148,646919096,/gps,0,0,24.882474125,121.156146275,350.970001221,"(0.00028900003141164865, 0.0, 0.0, 0.0, 0.00022801001287043113, 0.0, 0.0, 0.0, 0.0005904899853712321)",2
2023/12/25/17:05:48.698868,160138,1703495148,696838122,/gps,0,0,24.8824737867,121.156146413,350.970001221,"(0.00028900003141164865, 0.0, 0.0, 0.0, 0.00022801001287043113, 0.0, 0.0, 0.0, 0.0005904899853712321)",2
2023/12/25/17:05:48.751881,160139,1703495148,749807607,/gps,0,0,24.8824734617,121.156146545,350.970001221,"(0.00028900003141164865, 0.0, 0.0, 0.0, 0.00022801001287043113, 0.0, 0.0, 0.0, 0.0005904899853712321)",2
2023/12/25/17:05:48.799266,160140,1703495148,797084447,/gps,0,0,24.8824731483,121.15614667,350.970001221,"(0.00028900003141164865, 0.0, 0.0, 0.0, 0.00022801001287043113, 0.0, 0.0, 0.0, 0.0005904899853712321)",2
2023/12/25/17:05:48.849017,160141,1703495148,846917044,/gps,0,0,24.882472845,121.156146792,350.959991455,"(0.00028900003141164865, 0.0, 0.0, 0.0, 0.00022801001287043113, 0.0, 0.0, 0.0, 0.0005904899853712321)",2
2023/12/25/17:05:48.899517,160142,1703495148,897732619,/gps,0,0,24.8824725583,121.156146912,350.959991455,"(0.00028900003141164865, 0.0, 0.0, 0.0, 0.00022801001287043113, 0.0, 0.0, 0.0, 0.0005904899853712321)",2
2023/12/25/17:05:48.949148,160143,1703495148,947767229,/gps,0,0,24.8824722883,121.15614703,350.959991455,"(0.00028900003141164865, 0.0, 0.0, 0.0, 0.00022801001287043113, 0.0, 0.0, 0.0, 0.0005904899853712321)",2
2023/12/25/17:05:49.011873,160144,1703495149,662344,/gps,0,0,24.8824720283,121.156147142,350.959991455,"(0.00028900003141164865, 0.0, 0.0, 0.0, 0.00022801001287043113, 0.0, 0.0, 0.0, 0.0005904899853712321)",2
2023/12/25/17:05:49.049160,160145,1703495149,46777338,/gps,0,0,24.88247178,121.156147247,350.959991455,"(0.00029241002578675804, 0.0, 0.0, 0.0, 0.00022801001287043113, 0.0, 0.0, 0.0, 0.0006002499686032538)",2
2023/12/25/17:05:49.099417,160146,1703495149,97035043,/gps,0,0,24.8824715467,121.156147352,350.959991455,"(0.00029241002578675804, 0.0, 0.0, 0.0, 0.00022801001287043113, 0.0, 0.0, 0.0, 0.0006002499686032538)",2
2023/12/25/17:05:49.149159,160147,1703495149,146856801,/gps,0,0,24.88247133,121.156147448,350.959991455,"(0.00029241002578675804, 0.0, 0.0, 0.0, 0.00022801001287043113, 0.0, 0.0, 0.0, 0.0006002499686032538)",2
2023/12/25/17:05:49.199554,160148,1703495149,197476642,/gps,0,0,24.8824711317,121.156147537,350.959991455,"(0.00029241002578675804, 0.0, 0.0, 0.0, 0.00022801001287043113, 0.0, 0.0, 0.0, 0.0006002499686032538)",2
2023/12/25/17:05:49.249398,160149,1703495149,247080929,/gps,0,0,24.8824709517,121.156147608,350.959991455,"(0.00029241002578675804, 0.0, 0.0, 0.0, 0.00022801001287043113, 0.0, 0.0, 0.0, 0.0006002499686032538)",2
2023/12/25/17:05:49.299388,160150,1703495149,297720530,/gps,0,0,24.88247079,121.156147673,350.959991455,"(0.00029241002578675804, 0.0, 0.0, 0.0, 0.00022801001287043113, 0.0, 0.0, 0.0, 0.0006002499686032538)",2
2023/12/25/17:05:49.349271,160151,1703495149,347100173,/gps,0,0,24.8824706417,121.156147733,350.959991455,"(0.00029241002578675804, 0.0, 0.0, 0.0, 0.00022801001287043113, 0.0, 0.0, 0.0, 0.0006002499686032538)",2
2023/12/25/17:05:49.399260,160152,1703495149,397455914,/gps,0,0,24.88247051,121.15614779,350.959991455,"(0.00029241002578675804, 0.0, 0.0, 0.0, 0.00022801001287043113, 0.0, 0.0, 0.0, 0.0006002499686032538)",2
2023/12/25/17:05:49.450357,160153,1703495149,447730562,/gps,0,0,24.8824703883,121.156147842,350.959991455,"(0.00029241002578675804, 0.0, 0.0, 0.0, 0.00022801001287043113, 0.0, 0.0, 0.0, 0.0006002499686032538)",2
2023/12/25/17:05:49.499629,160154,1703495149,497765642,/gps,0,0,24.8824702767,121.156147888,350.959991455,"(0.00029241002578675804, 0.0, 0.0, 0.0, 0.00022801001287043113, 0.0, 0.0, 0.0, 0.0006002499686032538)",2
2023/12/25/17:05:49.549571,160155,1703495149,547360569,/gps,0,0,24.8824701717,121.156147932,350.950012207,"(0.00029241002578675804, 0.0, 0.0, 0.0, 0.00022801001287043113, 0.0, 0.0, 0.0, 0.0006002499686032538)",2
2023/12/25/17:05:49.599815,160156,1703495149,597774316,/gps,0,0,24.8824700733,121.156147973,350.950012207,"(0.00029241002578675804, 0.0, 0.0, 0.0, 0.00022801001287043113, 0.0, 0.0, 0.0, 0.0006002499686032538)",2
2023/12/25/17:05:49.649274,160157,1703495149,646927459,/gps,0,0,24.8824699817,121.15614801,350.950012207,"(0.00029241002578675804, 0.0, 0.0, 0.0, 0.00022801001287043113, 0.0, 0.0, 0.0, 0.0006002499686032538)",2
2023/12/25/17:05:49.698932,160158,1703495149,696931501,/gps,0,0,24.8824698933,121.156148045,350.950012207,"(0.00029241002578675804, 0.0, 0.0, 0.0, 0.00022801001287043113, 0.0, 0.0, 0.0, 0.0006002499686032538)",2
2023/12/25/17:05:49.749176,160159,1703495149,746748823,/gps,0,0,24.8824698083,121.156148077,350.950012207,"(0.00029241002578675804, 0.0, 0.0, 0.0, 0.00022801001287043113, 0.0, 0.0, 0.0, 0.0006002499686032538)",2
2023/12/25/17:05:49.799331,160160,1703495149,797511255,/gps,0,0,24.8824697267,121.156148108,350.950012207,"(0.00029241002578675804, 0.0, 0.0, 0.0, 0.00022801001287043113, 0.0, 0.0, 0.0, 0.0006002499686032538)",2
2023/12/25/17:05:49.849669,160161,1703495149,846709107,/gps,0,0,24.8824696467,121.156148137,350.950012207,"(0.00029241002578675804, 0.0, 0.0, 0.0, 0.00022801001287043113, 0.0, 0.0, 0.0, 0.0006002499686032538)",2
2023/12/25/17:05:49.899422,160162,1703495149,897041874,/gps,0,0,24.8824695717,121.156148162,350.950012207,"(0.00029241002578675804, 0.0, 0.0, 0.0, 0.00022801001287043113, 0.0, 0.0, 0.0, 0.0006002499686032538)",2
2023/12/25/17:05:49.949231,160163,1703495149,946975079,/gps,0,0,24.8824695017,121.156148187,350.950012207,"(0.00029241002578675804, 0.0, 0.0, 0.0, 0.00022801001287043113, 0.0, 0.0, 0.0, 0.0006002499686032538)",2
2023/12/25/17:05:50.011892,160164,1703495150,491734,/gps,0,0,24.8824694333,121.156148212,350.950012207,"(0.00029241002578675804, 0.0, 0.0, 0.0, 0.00022801001287043113, 0.0, 0.0, 0.0, 0.0006002499686032538)",2
2023/12/25/17:05:50.049418,160165,1703495150,46843634,/gps,0,0,24.8824693717,121.156148238,350.950012207,"(0.0003027600085043908, 0.0, 0.0, 0.0, 0.0002249999899417163, 0.0, 0.0, 0.0, 0.0006051599601173407)",2
2023/12/25/17:05:50.098998,160166,1703495150,96769607,/gps,0,0,24.8824693133,121.156148265,350.950012207,"(0.0003027600085043908, 0.0, 0.0, 0.0, 0.0002249999899417163, 0.0, 0.0, 0.0, 0.0006051599601173407)",2
2023/12/25/17:05:50.150376,160167,1703495150,146766385,/gps,0,0,24.8824692617,121.15614829,350.950012207,"(0.0003027600085043908, 0.0, 0.0, 0.0, 0.0002249999899417163, 0.0, 0.0, 0.0, 0.0006051599601173407)",2
2023/12/25/17:05:50.199639,160168,1703495150,197596478,/gps,0,0,24.8824692133,121.156148313,350.950012207,"(0.0003027600085043908, 0.0, 0.0, 0.0, 0.0002249999899417163, 0.0, 0.0, 0.0, 0.0006051599601173407)",2
2023/12/25/17:05:50.248675,160169,1703495150,246650229,/gps,0,0,24.88246917,121.156148337,350.950012207,"(0.0003027600085043908, 0.0, 0.0, 0.0, 0.0002249999899417163, 0.0, 0.0, 0.0, 0.0006051599601173407)",2
2023/12/25/17:05:50.299123,160170,1703495150,296898604,/gps,0,0,24.8824691317,121.156148357,350.950012207,"(0.0003027600085043908, 0.0, 0.0, 0.0, 0.0002249999899417163, 0.0, 0.0, 0.0, 0.0006051599601173407)",2
2023/12/25/17:05:50.349149,160171,1703495150,346734882,/gps,0,0,24.882469095,121.156148375,350.950012207,"(0.0003027600085043908, 0.0, 0.0, 0.0, 0.0002249999899417163, 0.0, 0.0, 0.0, 0.0006051599601173407)",2
2023/12/25/17:05:50.399389,160172,1703495150,397943413,/gps,0,0,24.8824690617,121.156148393,350.950012207,"(0.0003027600085043908, 0.0, 0.0, 0.0, 0.0002249999899417163, 0.0, 0.0, 0.0, 0.0006051599601173407)",2
2023/12/25/17:05:50.449640,160173,1703495150,446852958,/gps,0,0,24.88246903,121.156148412,350.950012207,"(0.0003027600085043908, 0.0, 0.0, 0.0, 0.0002249999899417163, 0.0, 0.0, 0.0, 0.0006051599601173407)",2
2023/12/25/17:05:50.499824,160174,1703495150,497593124,/gps,0,0,24.882469,121.156148427,350.950012207,"(0.0003027600085043908, 0.0, 0.0, 0.0, 0.0002249999899417163, 0.0, 0.0, 0.0, 0.0006051599601173407)",2
2023/12/25/17:05:50.549022,160175,1703495150,546755711,/gps,0,0,24.8824689733,121.156148442,350.950012207,"(0.0003027600085043908, 0.0, 0.0, 0.0, 0.0002249999899417163, 0.0, 0.0, 0.0, 0.0006051599601173407)",2
2023/12/25/17:05:50.598946,160176,1703495150,596994620,/gps,0,0,24.8824689483,121.156148457,350.950012207,"(0.0003027600085043908, 0.0, 0.0, 0.0, 0.0002249999899417163, 0.0, 0.0, 0.0, 0.0006051599601173407)",2
2023/12/25/17:05:50.648781,160177,1703495150,646753342,/gps,0,0,24.882468925,121.15614847,350.950012207,"(0.0003027600085043908, 0.0, 0.0, 0.0, 0.0002249999899417163, 0.0, 0.0, 0.0, 0.0006051599601173407)",2
2023/12/25/17:05:50.699250,160178,1703495150,696992070,/gps,0,0,24.8824689033,121.156148483,350.950012207,"(0.0003027600085043908, 0.0, 0.0, 0.0, 0.0002249999899417163, 0.0, 0.0, 0.0, 0.0006051599601173407)",2
2023/12/25/17:05:50.749172,160179,1703495150,746712277,/gps,0,0,24.8824688833,121.156148495,350.950012207,"(0.0003027600085043908, 0.0, 0.0, 0.0, 0.0002249999899417163, 0.0, 0.0, 0.0, 0.0006051599601173407)",2
2023/12/25/17:05:50.799286,160180,1703495150,797493839,/gps,0,0,24.8824688667,121.156148507,350.950012207,"(0.0003027600085043908, 0.0, 0.0, 0.0, 0.0002249999899417163, 0.0, 0.0, 0.0, 0.0006051599601173407)",2
2023/12/25/17:05:50.850213,160181,1703495150,846810704,/gps,0,0,24.88246885,121.156148518,350.950012207,"(0.0003027600085043908, 0.0, 0.0, 0.0, 0.0002249999899417163, 0.0, 0.0, 0.0, 0.0006051599601173407)",2
2023/12/25/17:05:50.899106,160182,1703495150,896974610,/gps,0,0,24.8824688367,121.156148527,350.950012207,"(0.0003027600085043908, 0.0, 0.0, 0.0, 0.0002249999899417163, 0.0, 0.0, 0.0, 0.0006051599601173407)",2
2023/12/25/17:05:50.948850,160183,1703495150,946876225,/gps,0,0,24.882468825,121.156148537,350.950012207,"(0.0003027600085043908, 0.0, 0.0, 0.0, 0.0002249999899417163, 0.0, 0.0, 0.0, 0.0006051599601173407)",2
2023/12/25/17:05:51.011959,160184,1703495151,368009,/gps,0,0,24.882468815,121.156148545,350.950012207,"(0.0003027600085043908, 0.0, 0.0, 0.0, 0.0002249999899417163, 0.0, 0.0, 0.0, 0.0006051599601173407)",2
2023/12/25/17:05:51.099571,160185,1703495151,97586453,/gps,0,0,24.8824688067,121.156148563,350.950012207,"(0.0003062500026077032, 0.0, 0.0, 0.0, 0.0002249999899417163, 0.0, 0.0, 0.0, 0.0006150400353288656)",2
